obs,Customer,I tend to plan things very carefully.,I sometimes have trouble controlling my spending.,I think it is important to purchase products that are made locally.,I carefully consider the health benefits of what I eat.,How.many.times.in.the.last.week.did.you.do.the.following....Make.eat.lunch.at.home,How.many.times.in.the.last.week.did.you.do.the.following....Bring.lunch.to.work,How.many.times.in.the.last.week.did.you.do.the.following....Buy.lunch.at.work,How.many.times.in.the.last.week.did.you.do.the.following....Buy.lunch.at.restaurant,How.many.times.in.the.last.week.did.you.do.the.following....Skipped.lunch,How.many.times.in.the.last.week.did.you.do.the.following....Other,Please.specify.the.top.five.restaurants.you.have.visited.in.the.last.six.months.in.order.of.visit.frequency....Most.frequent,Please.specify.the.top.five.restaurants.you.have.visited.in.the.last.six.months.in.order.of.visit.frequency....Second.most.frequent,Please.specify.the.top.five.restaurants.you.have.visited.in.the.last.six.months.in.order.of.visit.frequency....Third.most.frequent,Please.specify.the.top.five.restaurants.you.have.visited.in.the.last.six.months.in.order.of.visit.frequency....Fourth.most.frequent,Please.specify.the.top.five.restaurants.you.have.visited.in.the.last.six.months.in.order.of.visit.frequency....Fifth.most.frequent,Have.you.ever.visited.Sticks.Kebob.Shop.,Please.indicate.how.important.the.following.factors.are.when.you.visit.a.restaurant....Convenient.place.to.eat,Please.indicate.how.important.the.following.factors.are.when.you.visit.a.restaurant....Variety.of.menu.options,Please.indicate.how.important.the.following.factors.are.when.you.visit.a.restaurant....Good.value.for.money,Please.indicate.how.important.the.following.factors.are.when.you.visit.a.restaurant....Healthy.menu.options,Please.indicate.how.important.the.following.factors.are.when.you.visit.a.restaurant....Food.taste.and.satisfaction,Please.indicate.how.important.the.following.factors.are.when.you.visit.a.restaurant....Friendly.staff,Please.indicate.how.important.the.following.factors.are.when.you.visit.a.restaurant....Pleasant.ambiance,Please.indicate.how.important.the.following.factors.are.when.you.visit.a.restaurant....Consistency...reliability,Please.indicate.how.important.the.following.factors.are.when.you.visit.a.restaurant....Part.of.community,Please.indicate.how.important.the.following.factors.are.when.you.visit.a.restaurant....Other..please.specify.,What.is.your.gender.,What.is.your.age.,What.is.your.approximate.average.annual.household.income.,How.would.you.best.describe.your.household.type.,How.many.children..by.age..currently.live.in.your.household....less.than.12.years.old,How.many.children..by.age..currently.live.in.your.household....12.17.years.old,How.many.children..by.age..currently.live.in.your.household....18.and.older,Please.indicate.your.best.answers.to.the.following....Comments.,What.is.your.profession....Accountant,What.is.your.profession....Lawyer,What.is.your.profession....General.purpose.contractor,What.is.your.profession....Design,What.is.your.profession....Educator,What.is.your.profession....Homemaker,What.is.your.profession....Business.professio0l,What.is.your.profession....Other..please.specify.,If.you.have.children.living.at.home..in.what.activities.do.they.participate...Please.check.all.that.apply....Soccer,If.you.have.children.living.at.home..in.what.activities.do.they.participate...Please.check.all.that.apply....Football,If.you.have.children.living.at.home..in.what.activities.do.they.participate...Please.check.all.that.apply....Tennis,If.you.have.children.living.at.home..in.what.activities.do.they.participate...Please.check.all.that.apply....Lacrosse,If.you.have.children.living.at.home..in.what.activities.do.they.participate...Please.check.all.that.apply....Swimming,If.you.have.children.living.at.home..in.what.activities.do.they.participate...Please.check.all.that.apply....Music,If.you.have.children.living.at.home..in.what.activities.do.they.participate...Please.check.all.that.apply....Hiking,If.you.have.children.living.at.home..in.what.activities.do.they.participate...Please.check.all.that.apply....Visiting.local.attractions,If.you.have.children.living.at.home..in.what.activities.do.they.participate...Please.check.all.that.apply....Visiting.children.s.museums,If.you.have.children.living.at.home..in.what.activities.do.they.participate...Please.check.all.that.apply....Attending.local.sporting.events,If.you.have.children.living.at.home..in.what.activities.do.they.participate...Please.check.all.that.apply....Other..please.specify.,In.what.activities.or.hobbies.do.you.participate.yourself....Volunteer.work,In.what.activities.or.hobbies.do.you.participate.yourself....Tennis,In.what.activities.or.hobbies.do.you.participate.yourself....Swimming,In.what.activities.or.hobbies.do.you.participate.yourself....Skiing...snow.boarding,In.what.activities.or.hobbies.do.you.participate.yourself....Running,In.what.activities.or.hobbies.do.you.participate.yourself....Hiking,In.what.activities.or.hobbies.do.you.participate.yourself....Golf,In.what.activities.or.hobbies.do.you.participate.yourself....Gardening,In.what.activities.or.hobbies.do.you.participate.yourself....Fishing,In.what.activities.or.hobbies.do.you.participate.yourself....Camping,In.what.activities.or.hobbies.do.you.participate.yourself....Bicycling,In.what.activities.or.hobbies.do.you.participate.yourself....Yoga,In.what.activities.or.hobbies.do.you.participate.yourself....Book.clubs,In.what.activities.or.hobbies.do.you.participate.yourself....Eating.out,In.what.activities.or.hobbies.do.you.participate.yourself....Attending.local.sports.events,In.what.activities.or.hobbies.do.you.participate.yourself....Visiting.museums,In.what.activities.or.hobbies.do.you.participate.yourself....Kid.s.activities,In.what.activities.or.hobbies.do.you.participate.yourself....Other..please.specify.,In.the.last.month..how.many.times.have.you.used.coupons.when.you.visited.a.restaurant.,How.do.you.find.restaurant.coupons...Please.check.all.that.apply....Valpak.or.other.direct.mail.items,How.do.you.find.restaurant.coupons...Please.check.all.that.apply....Coupon.from.coupon.site.or.blog...e.g...print.at.home.,How.do.you.find.restaurant.coupons...Please.check.all.that.apply....Groupon.or.other.social...daily.deal.offers,How.do.you.find.restaurant.coupons...Please.check.all.that.apply....Store.receipt.offer...from.previous.visit.,How.do.you.find.restaurant.coupons...Please.check.all.that.apply....Loyalty.card.reward...e.g...10th.visit.free.meal.,How.do.you.find.restaurant.coupons...Please.check.all.that.apply....Offers.mentioned.in.media..radio..tv..newspaper..etc.,How.do.you.find.restaurant.coupons...Please.check.all.that.apply....Other..please.specify.
2,0,1,2,3,2,0,0,0,0,0,0,0,0,0,0,0,2,0,0,0,0,0,0,0,0,0,0,0,0,0,0,0,0,0,0,0,0,0,0,0,0,0,0,0,0,0,0,0,0,0,0,0,0,0,0,0,0,0,0,0,0,0,0,0,0,0,0,0,0,0,0,0,0,0,0,0,0,0,0,0
3,0,1,3,3,2,2,6,0,0,2,0,Applebees,Subways,Papa Johns,Johnny Rocket,McDo0lds,2,2,1,1,2,1,1,1,1,3,0,1,1,1,2,0,0,1,0,0,0,0,0,0,6,0,0,0,0,0,0,0,6,0,0,0,10,0,0,0,0,0,5,0,0,0,0,0,0,12,0,14,15,0,0,0,1,0,0,0,0,0,0,0
4,0,2,4,3,2,5,5,1,1,2,0,Casa Grande,Chic-fila,Jade,Texas Roadhouse,Plaza Ateza,2,1,2,1,2,1,1,1,1,1,0,1,3,2,1,0,0,0,0,0,0,0,0,0,0,7,0,0,0,0,0,0,0,7,8,0,10,0,0,0,0,0,0,0,0,0,0,0,0,0,0,0,15,0,0,0,3,1,2,0,4,0,0,0
5,0,2,4,1,2,4,5,1,1,1,0,Kentucky,Burger King,Wendys,McDo0lds,0,2,1,1,1,2,1,2,4,4,5,0,1,2,1,1,0,0,0,0,0,0,0,0,0,0,7,insurance customer service,0,0,0,0,0,0,0,0,0,0,0,0,0,0,0,5,0,0,0,0,0,0,0,0,0,0,0,0,"walking, internet",5,1,0,0,0,0,6,0
10,0,2,4,2,3,7,1,1,1,1,0,Buffalo Wild Wings,Mexican,Sonic,Marios,Mcds,2,1,1,1,2,1,1,1,1,3,0,1,1,1,2,1,0,4,0,0,0,0,0,0,0,7,0,0,0,0,0,0,0,0,0,0,0,Baseball,0,0,0,0,0,0,0,0,9,0,0,0,0,0,15,0,0,Volleyball,1,0,0,0,0,0,0,0
12,0,2,4,2,1,0,0,0,0,0,0,0,0,0,0,0,1,0,0,0,0,0,0,0,0,0,0,0,0,0,0,0,0,0,0,0,0,0,0,0,0,0,0,0,0,0,0,0,0,0,0,0,0,0,0,0,0,0,0,0,0,0,0,0,0,0,0,0,0,0,0,0,0,0,0,0,0,0,0,0
13,0,2,2,3,3,3,6,1,1,1,0,sino-american,an0's italian kitchen & restaurant,cracker barrel,olive garden,0,2,1,1,1,1,1,2,2,1,3,0,1,3,1,2,0,0,1,0,0,0,0,0,0,0,7,customer service,0,0,0,0,0,6,7,8,0,0,0,0,0,0,0,0,6,0,8,0,0,0,0,0,0,0,0,0,"various crafts like knitting, crocheting, sewing",5,1,0,0,4,0,0,0
17,0,1,2,1,1,1,3,1,4,1,0,McDo0lds,Subway,Chick-fil-a,Mexico Resturant,Pizza Hut,2,1,2,1,1,1,2,2,1,2,0,1,2,2,3,2,1,0,0,0,0,0,4,0,0,0,Healthcare,0,0,0,0,0,6,0,8,9,10,0,0,0,0,0,0,0,0,0,0,0,0,0,0,14,15,0,17,0,2,1,2,3,0,0,0,0
18,0,3,3,2,3,6,1,1,2,3,0,pizza hut,dragon garden,marrios pizza,mcdo0lds,mcdo0lds,2,1,1,1,1,1,1,1,1,1,0,1,2,1,2,2,none,none,0,0,0,0,0,0,6,0,stay at home mom,0,0,0,0,0,6,0,8,0,0,"walking, excercise class",0,0,0,0,0,0,0,0,0,0,0,0,0,0,0,0,17,"walking ,excercise class",3,0,2,0,0,0,6,0
20,0,1,4,3,2,0,0,0,0,0,0,0,0,0,0,0,1,0,0,0,0,0,0,0,0,0,0,0,0,0,0,0,0,0,0,0,0,0,0,0,0,0,0,0,0,0,0,0,0,0,0,0,0,0,0,0,0,0,0,0,0,0,0,0,0,0,0,0,0,0,0,0,0,0,0,0,0,0,0,0
21,0,2,4,2,2,5,2,1,2,2,0,Olive Garden,Bulls,McDo0lds,0,0,2,1,1,1,3,1,1,1,1,3,0,1,2,2,1,non,none,none,0,0,0,0,0,5,6,0,0,0,0,0,0,0,0,0,0,0,0,0,0,0,0,0,0,0,0,0,0,0,0,0,0,14,0,0,0,0,3,0,2,3,4,5,0,0
22,0,2,4,2,3,3,5,1,2,1,0,wendys,arbys,simons cafe food cart,christophers run away gourmet food cart,mcdo0lds,2,1,2,2,3,1,2,3,2,2,0,1,2,2,2,2,0,0,0,0,0,0,0,0,0,7,administrative assistant,0,2,0,0,0,0,0,0,0,0,basketball,0,0,0,4,0,0,0,0,0,10,0,0,0,14,0,0,17,0,2,1,0,0,4,0,0,0
24,0,1,4,2,1,0,0,0,0,0,0,0,0,0,0,0,1,0,0,0,0,0,0,0,0,0,0,0,0,0,0,0,0,0,0,0,0,0,0,0,0,0,0,0,0,0,0,0,0,0,0,0,0,0,0,0,0,0,0,0,0,0,0,0,0,0,0,0,0,0,0,0,0,0,0,0,0,0,0,0
25,0,2,3,2,2,6,5,3,2,3,0,n/a,n/a,n/a,n/a,n/a,2,3,4,2,1,1,2,2,1,3,0,2,1,2,1,0,0,0,0,0,0,0,0,0,0,7,0,0,0,0,0,0,0,0,0,0,0,0,1,0,0,0,5,6,0,0,0,0,11,0,0,0,0,0,0,0,1,0,0,0,0,0,0,0
26,0,1,3,2,1,5,5,1,1,1,0,applebees,chilis,ruby tuesdays,fridays,chipotle,2,1,2,2,2,1,1,2,1,2,0,2,3,3,2,0,0,1,0,0,0,0,0,0,0,7,0,1,0,3,0,5,6,0,8,0,10,0,1,2,3,0,5,0,7,8,9,10,11,0,0,14,15,16,17,0,2,1,0,0,4,5,0,0
28,0,2,4,2,1,0,0,0,0,0,0,0,0,0,0,0,2,0,0,0,0,0,0,0,0,0,0,0,0,0,0,0,0,0,0,0,0,0,0,0,0,0,0,0,0,0,0,0,0,0,0,0,0,0,0,0,0,0,0,0,0,0,0,0,0,0,0,0,0,0,0,0,0,0,0,0,0,0,0,0
29,0,2,2,1,2,6,1,1,3,1,0,Continental,Chili's,Blue Goat,Roosevelt,Lemaire,2,2,2,2,2,1,2,2,1,1,0,2,2,2,2,0,0,0,0,0,0,0,0,5,0,0,chef,0,0,0,0,0,0,0,0,0,0,no children,1,0,0,0,5,0,0,0,0,0,11,12,0,14,0,0,0,0,2,1,0,3,0,0,0,0
30,0,2,4,2,2,2,1,1,1,1,0,Hardees,Arbys,0,0,0,2,1,1,1,5,1,1,1,1,3,0,1,3,1,2,0,0,0,0,0,0,0,0,0,6,0,0,0,0,0,0,0,0,0,0,0,0,0,0,0,0,0,0,0,0,0,9,0,0,0,0,0,0,0,0,0,2,0,0,0,0,0,6,0
31,0,1,3,3,2,3,5,1,2,2,0,Cheddars,Applebees,Chick Filet,McDo0lds,Taco Bell,2,3,2,1,1,2,2,2,2,2,0,2,3,2,2,0,0,0,0,0,0,0,0,5,0,0,0,0,0,0,0,0,0,0,0,0,0,0,0,0,3,0,0,0,0,8,0,0,0,0,0,0,0,0,0,0,2,1,0,0,4,0,0,0
32,0,2,2,1,2,3,5,1,1,2,0,Golden Corral,0,0,0,0,2,1,1,1,2,1,1,1,1,1,0,1,2,1,1,3,0,0,0,0,0,0,0,5,0,0,0,0,0,0,0,0,0,0,0,9,0,0,0,0,0,0,0,0,0,0,0,0,0,0,0,0,0,0,17,0,3,1,2,0,0,0,0,0
34,0,1,4,2,2,0,0,0,0,0,0,0,0,0,0,0,1,0,0,0,0,0,0,0,0,0,0,0,0,0,0,0,0,0,0,0,0,0,0,0,0,0,0,0,0,0,0,0,0,0,0,0,0,0,0,0,0,0,0,0,0,0,0,0,0,0,0,0,0,0,0,0,0,0,0,0,0,0,0,0
38,0,3,4,2,2,0,0,0,0,0,0,0,0,0,0,0,1,0,0,0,0,0,0,0,0,0,0,0,0,0,0,0,0,0,0,0,0,0,0,0,0,0,0,0,0,0,0,0,0,0,0,0,0,0,0,0,0,0,0,0,0,0,0,0,0,0,0,0,0,0,0,0,0,0,0,0,0,0,0,0
40,0,3,3,2,1,2,1,4,5,3,0,Wendys,Mcdo0lds,Burger King,T.G.I.Fridays,Golden Corral,2,2,2,1,1,1,1,2,2,2,0,1,1,1,1,1,0,0,0,0,0,0,4,0,0,0,Fast food,0,0,0,0,0,0,0,0,0,0,0,0,0,3,0,0,0,0,0,0,0,0,0,0,14,0,0,0,0,1,0,0,0,0,0,0,0
41,0,1,4,2,1,3,4,3,0,0,0,don papa grande,outback,buffalo wild wings,applebees,0,2,3,2,1,1,1,2,1,2,3,0,1,3,2,2,0,41652,0,0,0,0,0,0,0,0,7,0,0,0,3,0,5,6,0,8,0,10,0,0,2,3,0,0,0,0,0,0,0,0,12,13,14,0,0,0,0,2,1,0,0,0,0,0,0
42,0,1,3,2,1,7,6,1,1,1,0,Panera,Texas Roadhouse,Red Robin,Plaza Azteca,Chi0 Taste,2,2,2,1,1,2,2,2,2,2,0,1,2,2,2,1,0,0,0,0,0,0,0,5,0,0,0,1,0,0,0,0,0,0,0,9,0,art,1,0,0,0,5,0,0,0,0,0,0,0,13,0,15,0,17,soccer,2,1,2,3,0,5,0,0
43,0,2,4,2,4,4,1,1,4,6,0,Teasty Freeze,McDo0lds,Burger King,Wendy's,Hardee's,2,1,1,1,2,1,1,1,1,2,Cleanliness,2,2,1,2,0,0,1,0,0,0,3,0,0,0,0,Private Security,0,0,0,0,0,0,0,0,0,0,0,0,0,0,4,0,0,0,8,9,10,0,0,0,14,0,16,0,Archrey,1,0,0,0,0,0,0,0
45,0,2,3,2,2,6,1,1,3,1,0,Olive Garden,Lings Island,Charleys,Country Cooking,Weindy'sAr,2,2,2,2,1,1,2,1,1,2,Clean,0,0,0,0,0,0,0,0,0,0,0,0,0,0,0,0,0,0,0,0,0,0,0,0,0,0,0,0,0,0,0,0,0,0,0,0,0,0,0,0,0,0,0,0,0,0,0,0,0,0,0,0,0
46,0,2,2,1,2,7,0,0,0,0,0,McDo0lds,KFC,Hardee's,Pizza Hut,Local Pizzeria,2,1,2,1,3,1,1,1,1,2,0,1,2,1,1,0,0,0,0,0,0,0,0,0,0,7,Healthcare Nurse,0,0,0,0,0,0,0,0,0,0,No children,0,0,3,0,0,0,0,8,9,0,0,0,0,0,0,0,0,0,1,0,0,0,0,0,0,0
48,0,4,3,2,2,0,0,0,0,0,0,0,0,0,0,0,1,0,0,0,0,0,0,0,0,0,0,0,0,0,0,0,0,0,0,0,0,0,0,0,0,0,0,0,0,0,0,0,0,0,0,0,0,0,0,0,0,0,0,0,0,0,0,0,0,0,0,0,0,0,0,0,0,0,0,0,0,0,0,0
49,0,1,2,1,2,3,2,5,3,3,0,Starbucks,California Tortilla,Tokyo Sushi,Ruby Tuesday,Applebees,2,1,2,1,1,1,1,2,1,2,0,1,2,3,2,0,0,0,0,0,0,0,0,0,0,7,0,0,0,0,0,0,0,0,0,0,0,0,1,0,3,0,0,6,0,0,9,10,0,0,0,14,15,16,0,Group exercise and travel,2,0,0,3,4,5,6,0
50,0,2,3,2,2,6,1,1,2,2,0,McDo0ld's,Wendy's,Olive Garden,Golden Corral,Arby's,2,1,1,1,2,1,1,1,1,3,0,1,4,1,1,0,0,0,0,1,0,0,0,0,0,0,Retired,0,0,0,0,0,0,0,0,0,0,0,1,0,0,0,0,0,0,8,0,0,0,0,0,14,0,0,0,0,2,1,2,0,4,0,6,0
51,0,2,4,1,2,5,2,1,2,2,0,Don Pedros,Chilis,Sticky Rice,Bo Dillaz,Penny Lane,2,2,2,2,2,1,2,2,2,2,0,1,3,3,2,0,2,1,0,0,0,0,0,5,0,0,minister,0,0,0,0,0,0,0,8,9,0,0,1,0,0,0,0,0,0,0,0,0,0,0,0,14,0,16,0,zumba,3,1,2,0,0,0,0,0
52,0,1,4,2,2,3,1,1,1,5,0,Mcdo0lds,hardees,5 guys,chipotle,41831,2,1,2,1,3,1,1,2,3,3,0,2,1,1,1,0,2,0,0,0,0,0,0,0,0,7,0,0,0,0,0,0,0,0,8,0,0,0,1,0,0,0,0,0,0,0,9,0,0,0,0,0,0,0,0,0,3,1,2,0,4,5,0,0
53,0,2,3,2,3,7,1,1,1,2,0,McDo0lds,Burger King,Dominos,0,0,2,1,2,2,4,2,3,3,1,5,0,1,3,2,1,0,0,0,0,0,0,0,0,0,0,7,0,0,0,0,0,0,0,0,0,0,0,0,0,0,0,0,0,0,0,8,0,0,0,0,0,0,0,0,0,0,1,0,0,0,0,0,0,0
58,0,1,2,2,2,0,0,0,0,0,0,0,0,0,0,0,2,0,0,0,0,0,0,0,0,0,0,0,0,0,0,0,0,0,0,0,0,0,0,0,0,0,0,0,0,0,0,0,0,0,0,0,0,0,0,0,0,0,0,0,0,0,0,0,0,0,0,0,0,0,0,0,0,0,0,0,0,0,0,0
59,0,3,3,1,3,6,5,6,6,5,0,mcdo0lds,hardees,0,0,0,2,1,2,2,2,1,1,2,2,2,0,2,2,1,1,2,0,0,0,0,0,0,0,5,0,0,0,1,2,0,0,0,0,0,0,0,0,0,0,2,0,0,0,0,0,0,0,0,0,0,0,0,0,0,0,0,4,0,2,3,0,0,0,0
60,0,1,4,2,2,4,1,3,0,2,0,Muddy Buck,Taco Bell,Stage Coach Saloon,Wendys,McDo0lds,2,2,1,1,4,1,1,2,2,2,0,1,3,1,1,0,0,0,0,0,0,0,0,0,0,7,Caregiver,0,0,0,0,0,0,0,0,0,0,N/A,1,0,0,0,0,6,0,0,0,0,0,0,13,14,0,16,0,attending fundraisers,1,0,0,0,0,0,0,0
61,0,2,4,2,4,5,1,1,1,3,0,McDo0lds,Costco food court,Cracker Barrel,Freda's (local Mexican restaurant),Chef Lee (local Chinese restaurant),2,2,2,1,2,2,1,2,1,2,0,1,3,1,1,0,15,0,0,0,0,0,0,0,6,0,0,0,0,0,0,0,0,0,0,0,0,"hunting, fishing, horseback riding, photography",1,0,0,0,0,6,0,0,0,0,11,0,0,0,0,16,0,"exercise, cooking, crafts, photography",1,0,0,0,0,0,0,0
62,0,2,4,2,1,2,4,1,4,1,0,Champps,Frank's Italian,Chianti,Arby's,Deep Run Roadhouse,2,2,2,1,5,1,2,2,2,3,0,1,3,1,1,0,0,0,0,1,0,0,0,0,0,0,0,0,0,0,0,0,0,0,0,0,0,0,0,0,0,0,0,0,0,0,0,0,0,0,0,14,0,16,0,0,2,0,2,0,4,5,0,0
63,0,2,4,2,2,6,1,1,2,3,0,panera,ruby tuesday,fridays,crazy greek,bonefish,2,3,1,1,1,1,1,1,1,2,0,1,4,2,1,0,0,4,0,0,0,0,0,0,6,0,0,0,0,0,0,0,0,0,0,0,0,Don`t have children living at home,0,0,0,0,0,6,0,0,9,0,11,12,0,0,0,0,0,0,5,1,2,3,0,5,0,0
64,0,2,3,2,2,7,1,1,4,2,0,McDo0lds,Papa Johns,Popeys,Taco Bells,KFC,2,1,1,1,2,1,1,1,1,2,0,1,3,1,2,3,0,0,0,0,0,0,0,0,6,0,0,1,0,0,0,0,0,0,0,0,0,0,0,0,0,0,0,0,0,0,0,0,0,0,0,14,0,0,17,0,2,1,2,0,4,5,0,0
65,0,2,4,1,2,6,6,6,2,1,0,;LKJB,;;lhbdsDBJ;SD,jbiks;,euoibe,bkj;s,2,2,1,1,1,1,2,2,2,3,0,2,2,2,2,0,1,0,0,0,0,0,0,0,0,7,sercuity,0,2,0,0,0,0,0,0,0,0,0,1,0,0,0,0,0,0,0,0,0,0,0,0,0,0,0,0,0,2,0,2,0,0,0,0,0
67,0,2,2,3,4,0,0,0,0,0,0,0,0,0,0,0,1,0,0,0,0,0,0,0,0,0,0,0,0,0,0,0,0,0,0,0,0,0,0,0,0,0,0,0,0,0,0,0,0,0,0,0,0,0,0,0,0,0,0,0,0,0,0,0,0,0,0,0,0,0,0,0,0,0,0,0,0,0,0,0
68,0,2,2,2,2,3,2,2,2,3,0,chick-fil-a,burger king,mcdo0lds,subway,bojangles,2,1,1,1,2,1,2,2,1,5,0,1,1,2,2,1,0,0,0,0,0,0,0,5,0,0,Student,0,0,0,0,0,0,0,0,0,0,Basketball,1,0,0,0,0,0,0,0,0,0,11,0,0,0,0,16,0,0,2,1,2,0,0,5,0,0
70,0,1,3,2,3,0,0,0,0,0,0,0,0,0,0,0,2,0,0,0,0,0,0,0,0,0,0,0,0,0,0,0,0,0,0,0,0,0,0,0,0,0,0,0,0,0,0,0,0,0,0,0,0,0,0,0,0,0,0,0,0,0,0,0,0,0,0,0,0,0,0,0,0,0,0,0,0,0,0,0
72,0,2,2,3,3,0,0,0,0,0,0,0,0,0,0,0,1,0,0,0,0,0,0,0,0,0,0,0,0,0,0,0,0,0,0,0,0,0,0,0,0,0,0,0,0,0,0,0,0,0,0,0,0,0,0,0,0,0,0,0,0,0,0,0,0,0,0,0,0,0,0,0,0,0,0,0,0,0,0,0
73,0,3,2,2,2,3,5,1,2,3,0,Hardees',Chef Lee,Dairy Queen,0,0,2,1,1,1,3,1,2,2,1,3,0,2,3,2,2,0,0,0,0,0,0,0,0,0,0,7,Web design / architecture,0,0,0,0,0,0,0,0,0,0,0,0,0,0,0,0,0,0,0,0,0,0,0,13,0,0,0,0,Reading,3,1,0,0,4,0,0,0
75,0,1,3,2,2,7,1,1,1,1,0,none,0,0,0,0,2,2,1,1,3,1,1,1,1,3,0,0,0,0,0,0,0,0,0,0,0,0,0,0,0,0,0,0,0,0,0,0,0,0,0,0,0,0,0,0,0,0,0,0,0,0,0,0,0,0,0,0,0,0,0,0,0,0,0,0,0,0,0,0
77,0,2,2,2,2,0,0,0,0,0,0,0,0,0,0,0,1,0,0,0,0,0,0,0,0,0,0,0,0,0,0,0,0,0,0,0,0,0,0,0,0,0,0,0,0,0,0,0,0,0,0,0,0,0,0,0,0,0,0,0,0,0,0,0,0,0,0,0,0,0,0,0,0,0,0,0,0,0,0,0
78,0,3,3,2,3,7,1,1,2,2,0,Logan's,Cook Out,0,0,0,2,3,1,1,2,1,1,1,2,2,0,1,3,1,2,0,1,1,0,0,0,0,0,0,6,0,0,1,0,0,0,0,6,0,0,0,0,0,0,0,0,0,0,6,0,8,9,0,0,12,0,14,0,0,0,0,4,1,0,0,4,0,0,0
79,0,2,3,3,3,2,6,1,2,1,0,Chick Fil A,Panera Bread,Hibachi Grill,Cracker Barrel,Firehouse Subs,2,2,3,2,4,1,3,3,2,3,0,2,1,2,2,0,0,0,0,0,0,0,0,5,0,0,0,0,0,0,0,0,0,0,0,0,0,0,0,0,0,0,0,0,0,0,0,0,0,0,0,14,15,0,0,Basketball,1,0,0,0,0,0,0,0
80,0,2,4,2,2,3,1,1,2,3,0,kfc,burger king,macdo0lds,subway,pizza hut,2,2,2,2,2,2,2,2,2,3,0,1,3,1,1,1,0,1,0,0,0,0,0,0,6,0,0,0,0,0,0,0,0,0,0,0,0,none,0,0,0,0,0,0,0,0,0,0,0,0,0,14,0,0,0,0,2,1,0,0,4,0,0,0
82,0,2,2,2,1,0,0,0,0,0,0,0,0,0,0,0,1,0,0,0,0,0,0,0,0,0,0,0,0,0,0,0,0,0,0,0,0,0,0,0,0,0,0,0,0,0,0,0,0,0,0,0,0,0,0,0,0,0,0,0,0,0,0,0,0,0,0,0,0,0,0,0,0,0,0,0,0,0,0,0
87,0,3,2,2,2,2,1,1,1,7,0,subway,top chi0,golding corral,chenellos,papa john,2,1,2,1,1,1,1,2,1,2,0,1,2,1,2,0,0,0,0,0,0,3,0,0,0,0,fast food,0,0,0,0,0,6,0,0,0,0,my children dont live at home,0,0,0,0,0,0,0,0,0,0,0,0,13,0,0,0,0,I do arts and craft,1,0,0,0,0,0,0,0
88,0,2,3,4,2,7,7,7,1,3,0,Red Lobster,0,0,0,0,2,2,1,1,2,1,1,1,1,2,0,1,3,1,2,0,1,0,0,0,0,0,0,0,6,0,0,0,0,0,0,5,0,0,8,0,0,0,0,0,0,0,0,0,0,8,9,10,0,0,0,14,0,0,17,0,5,0,0,0,0,0,6,0
89,0,2,1,2,2,5,1,2,2,1,0,Chick-fil-a,Jersey Mikes,Taco Bell,Chili's,McDo0lds,2,1,2,1,2,1,1,1,1,3,0,1,1,1,1,0,0,0,0,0,0,0,0,0,6,0,0,0,0,0,0,0,0,0,0,0,0,No kids,1,2,3,0,5,0,0,0,0,0,0,0,0,14,15,0,17,0,2,1,2,3,4,5,0,0
90,0,3,2,2,2,4,1,1,4,1,0,Cookout,Taco Bell,McDo0lds,Chipotle,Sonic,2,1,1,1,2,1,2,2,1,2,0,1,1,2,2,0,1,3,0,0,0,0,0,0,6,0,Student,0,0,0,0,0,0,0,0,0,0,0,1,0,0,0,5,6,0,0,0,0,0,0,0,14,15,0,0,0,1,0,0,0,0,0,0,0
91,0,2,3,1,1,7,1,1,1,4,0,Starbucks,Chipotle,McDo0ld's,Trigris,Popeye's,2,2,2,2,2,1,1,1,1,3,0,1,1,1,3,none,none,none,0,0,0,0,0,0,6,0,0,0,0,0,0,0,0,0,0,0,0,0,0,0,0,0,0,0,0,8,9,10,0,0,0,14,0,16,0,0,1,0,0,0,0,0,0,0
92,0,2,2,3,2,7,1,1,2,1,0,Long John Silver's,Subway,Little Caesar's,Captain Tom's,0,2,2,1,1,2,1,1,2,1,2,0,1,2,1,2,1,1,0,0,0,0,0,0,0,6,0,0,0,0,0,0,5,0,0,8,0,0,0,0,0,3,0,0,0,0,0,0,0,0,0,0,0,0,0,17,0,2,1,0,0,4,0,6,0
93,0,2,4,2,2,7,1,1,2,1,0,Ruby Tuesday,Johnny Rockets,Panera,Smokey Bones,Wendy's,2,2,1,1,2,2,2,3,2,3,0,1,2,1,2,1,0,0,0,0,0,0,0,0,6,0,0,0,0,0,0,0,0,0,0,0,0,0,0,0,0,0,0,0,0,0,0,0,0,0,0,14,0,0,0,0,2,1,2,0,0,0,0,0
94,0,1,2,3,1,4,1,1,1,5,0,babes,galaly,0,0,0,2,1,2,1,2,2,2,2,2,1,0,1,3,1,1,0,0,0,0,0,0,0,4,0,0,0,0,0,0,0,0,0,6,0,0,0,0,0,0,0,0,0,0,6,0,0,0,0,0,0,0,0,0,0,0,0,1,0,0,0,0,0,0,0
95,0,1,2,2,1,7,2,2,3,3,0,quiznos,chickn fila,ruby tuesdays,fridays,wendys,2,1,1,1,1,1,1,1,1,1,0,1,2,1,2,3,0,0,0,0,0,0,0,0,6,0,0,0,0,0,0,0,0,0,0,0,0,0,0,0,0,0,0,0,0,0,0,0,0,0,0,0,0,16,17,0,2,0,0,0,0,0,6,0
99,0,2,2,2,2,1,1,1,7,1,0,Lamer Resturant,Lamer Resturant,Lamer Resturant,Lamer Resturant,Lamer Resturant,2,1,2,1,1,1,2,2,1,1,0,1,3,1,1,0,0,0,great,1,0,0,4,5,6,7,0,0,0,0,0,0,0,0,0,0,0,none,0,0,3,0,0,0,7,0,0,0,0,12,13,14,0,0,0,0,5,0,0,0,0,5,0,0
101,0,2,2,3,3,0,0,0,0,0,0,0,0,0,0,0,1,0,0,0,0,0,0,0,0,0,0,0,0,0,0,0,0,0,0,0,0,0,0,0,0,0,0,0,0,0,0,0,0,0,0,0,0,0,0,0,0,0,0,0,0,0,0,0,0,0,0,0,0,0,0,0,0,0,0,0,0,0,0,0
102,0,2,3,2,2,1,5,1,1,1,0,Burger King,McDo0ld's,Wendy's,Captain Dee's,Red Lobster,2,1,2,1,2,1,2,2,2,2,0,1,3,1,1,0,0,2,0,0,0,0,0,0,0,7,0,0,0,0,0,0,0,0,0,0,0,Work,0,0,0,0,0,0,0,0,9,0,0,0,0,14,0,0,0,0,1,0,0,0,0,0,0,0
103,0,3,1,2,2,7,1,1,1,1,0,Outback Steakhouse,0,0,0,0,2,1,1,1,2,1,1,2,1,2,0,1,3,1,1,0,0,0,0,0,0,0,0,0,6,0,retired/disabled,0,0,0,0,0,0,0,0,0,0,0,0,0,0,0,0,0,0,0,0,0,0,0,0,14,0,0,0,0,1,0,0,0,0,0,0,0
104,0,4,3,1,1,1,1,1,5,2,0,mcdo0lds,wendys,hardees,ruby tuesdays,applebees,2,1,1,1,1,1,1,1,1,0,0,1,2,1,1,1,0,0,0,0,0,0,0,0,0,7,0,0,0,0,0,0,0,7,0,9,0,0,0,0,3,0,5,0,0,0,0,0,0,0,0,0,0,0,0,0,2,1,0,0,0,0,6,0
105,0,3,1,1,2,5,1,1,3,1,0,McDo0lds,Little Cesears,Panera,0,0,2,1,1,1,1,1,1,1,1,0,0,1,3,2,2,0,1,1,0,0,0,0,0,0,6,0,Student,0,0,0,0,5,6,7,8,0,0,0,0,0,0,0,5,6,0,0,0,0,0,0,0,14,0,16,0,"Painting, among other crafts.",3,0,0,0,4,5,0,0
106,0,2,1,4,3,5,1,1,3,6,0,O'Charleys,McDo0lds,Red Lobster,0,0,2,3,2,1,1,1,1,1,1,1,0,2,4,1,2,0,0,0,0,0,0,0,4,0,0,0,Photographer,0,0,0,0,0,0,0,0,0,0,0,1,0,0,0,0,6,0,8,0,10,0,12,0,14,0,0,0,Landscape photography,5,0,0,0,4,0,0,0
107,0,1,2,2,1,6,1,1,3,1,0,ihop,ocharleys,waffle house,chickfila,wendys,2,1,2,1,4,1,1,1,1,1,0,1,1,2,2,0,0,3,0,0,0,0,0,0,0,7,retail,0,0,0,0,0,0,0,0,0,0,0,0,0,0,0,0,0,0,0,0,0,0,0,0,14,0,0,0,shopping,2,1,0,0,4,0,6,0
108,0,2,3,2,1,7,5,0,3,2,0,Red Lobster,Ruby Tuesday,Apply Bees,Steak & Shake,Mc Do0ld,2,1,1,1,1,1,1,1,1,1,0,1,3,1,2,0,0,one,0,0,0,0,0,0,6,0,0,0,0,0,0,0,0,0,0,0,0,Do not have young children living with me.,1,0,0,0,0,0,0,0,0,0,0,0,13,0,0,0,0,0,1,0,0,0,0,0,0,0
109,0,2,3,4,2,4,1,5,1,1,0,El Vaquero West,Happy Garden,Cracker Barrel,Olive Garden,Buffalo Wild Wings,2,2,2,1,2,1,2,2,1,3,0,1,1,3,2,1,3,1,0,0,0,0,0,0,6,0,Student,1,0,0,0,0,6,0,0,0,10,0,0,0,0,0,0,0,0,0,9,0,0,0,0,0,15,0,0,0,1,0,0,0,0,0,0,0
110,0,3,4,3,2,1,5,2,1,1,0,Pappaduax,Applebees,Fridays,Cheesecake Factory,Texas Day Brazil,2,1,1,1,1,1,1,1,3,3,0,1,2,2,2,2,1,0,0,0,0,0,0,0,0,7,0,0,0,0,0,5,6,0,8,0,0,0,1,0,0,0,0,0,0,0,0,0,0,0,0,0,0,0,17,0,2,0,2,3,4,0,0,0
111,0,2,3,2,1,2,6,1,1,1,0,Ruby Tuesday,Pinos,0,0,0,2,3,2,2,3,1,1,1,1,3,0,1,3,3,2,1,0,1,0,0,0,0,0,5,0,0,0,0,0,0,0,5,0,0,0,0,0,Girl Scouts,0,0,0,0,0,0,0,0,0,0,0,0,0,0,0,0,17,Working Out at the YMCA,2,0,0,0,0,0,6,Mailed to me
112,0,1,4,3,2,4,1,1,0,1,0,N/A,N/A,N/A,N/A,N/A,2,1,1,1,1,1,1,2,2,3,0,1,3,2,1,None,None,None,0,0,0,0,0,0,6,0,unemployed,0,0,0,0,0,0,0,0,0,0,N/A,0,0,0,0,0,0,0,0,0,0,0,12,0,0,15,0,0,0,1,0,0,0,0,0,0,0
113,0,1,2,3,1,3,1,1,5,2,0,arbys,mcdo0lds,wendys,taco bell,pizza hut,2,1,1,1,3,1,1,2,2,3,0,1,2,2,2,1,2,0,0,0,0,3,0,0,0,0,hospitality,0,2,0,0,0,6,0,0,0,0,gym0stics,0,0,0,0,0,0,0,0,0,0,0,0,0,14,15,0,17,0,1,0,0,0,0,0,0,0
114,0,2,2,1,2,6,1,1,4,1,0,applebee,rudy tuesday,padow's,kanpal,crossflite,2,1,2,1,1,1,1,1,1,2,0,1,3,2,3,16,0,18,0,0,0,0,0,0,6,0,0,0,0,0,0,0,6,0,0,0,10,0,1,0,0,0,0,0,0,0,9,0,0,0,0,14,15,16,0,0,2,0,0,0,4,0,0,0
115,0,1,4,2,1,3,1,2,5,1,0,Bo jangles,sonic,longhorn steakhouse,cheese cake factory,denny's,2,2,1,1,1,1,1,1,1,1,0,2,3,2,2,0,0,0,0,0,0,0,0,0,0,7,nurse assistant,0,0,0,0,0,0,0,0,0,0,0,0,0,0,0,0,6,7,8,9,10,0,0,0,0,0,0,0,"Reading,",2,1,0,0,4,0,6,0
116,0,3,3,2,3,3,1,4,1,1,0,chick fila,chi0 taste,0,0,0,2,3,1,1,1,1,1,2,1,3,0,1,1,1,1,0,0,0,0,0,0,0,0,0,0,7,student,0,0,0,0,0,0,0,0,0,0,0,0,0,0,0,5,0,0,0,0,0,0,0,0,14,15,0,0,0,2,0,2,0,0,5,0,0
118,0,1,1,2,2,0,0,0,0,0,0,0,0,0,0,0,1,0,0,0,0,0,0,0,0,0,0,0,0,0,0,0,0,0,0,0,0,0,0,0,0,0,0,0,0,0,0,0,0,0,0,0,0,0,0,0,0,0,0,0,0,0,0,0,0,0,0,0,0,0,0,0,0,0,0,0,0,0,0,0
119,0,1,4,2,2,4,3,2,2,1,0,arbys,mcdonmalds,panera,0,0,2,1,1,2,2,1,1,1,2,2,0,1,2,2,2,1,1,2,0,0,0,0,0,0,6,0,0,0,0,0,4,5,0,0,0,0,0,0,0,2,3,0,0,0,0,0,0,0,0,0,0,0,0,0,0,0,5,1,2,0,0,0,0,0
122,0,1,2,2,4,3,6,1,1,1,0,California Pizza Kitchen,Olive Garden,IHOP,T.G.I. Friday's,Roma,2,2,2,1,2,1,2,2,3,3,0,0,0,0,0,0,0,0,0,0,0,0,0,0,0,0,0,0,0,0,0,0,0,0,0,0,0,0,0,0,0,0,0,0,0,0,0,0,0,0,0,0,0,0,0,0,0,0,0,0,0,0,0,0
123,0,1,3,2,2,4,1,1,2,4,0,Tazikis,Tripps,Leo's Pizza,0,0,2,1,1,1,3,1,1,2,1,3,0,1,2,2,2,1,0,0,0,0,0,0,0,0,0,7,0,0,0,0,0,0,0,0,0,0,0,0,0,0,0,0,0,0,0,0,0,0,0,0,0,14,0,0,0,0,1,0,0,0,0,0,0,0
124,0,1,2,1,2,6,1,1,1,3,0,Red Robin,Bertucci's,Chick FilA,0,0,2,1,2,1,2,1,2,2,2,3,0,1,3,1,2,0,1,1,0,0,0,0,0,5,0,0,0,0,0,3,0,5,0,7,8,0,10,0,1,0,0,0,0,0,0,0,0,0,0,12,0,0,0,0,0,Aerobics,4,1,2,0,4,0,6,0
125,0,2,2,2,2,4,0,0,3,3,0,Sidewalk Cafe,Cookout,The Village,Kuba Kuba,821 Cafe,2,2,1,1,2,1,2,2,1,2,0,1,1,1,3,0,0,3,0,0,0,0,0,0,0,7,0,0,0,0,0,0,0,0,0,0,0,0,1,0,3,0,0,0,0,0,0,0,0,0,0,14,0,16,0,0,2,0,2,0,0,0,6,0
126,0,2,2,2,2,4,4,4,4,4,0,fridays,outback,ocharlies,applebees,olive garden,2,3,3,3,3,3,3,3,3,3,0,1,3,1,2,0,1,0,0,0,0,0,0,5,0,0,bus driver,0,2,0,0,5,0,0,8,0,10,0,0,0,3,0,0,0,0,0,0,0,0,0,0,14,15,0,0,0,3,1,0,0,0,0,0,0
127,0,1,1,1,2,7,1,1,1,1,0,PRIMOS,APPBLEBEES,MCDO0LDS,ARBYS,WENDYS,2,1,1,2,2,2,2,2,2,2,0,1,2,2,2,2,1,0,0,0,0,0,0,0,0,7,0,1,0,0,0,0,0,0,0,0,0,0,0,0,0,0,0,0,0,0,0,0,0,0,0,0,0,0,17,0,1,0,0,0,0,0,0,0
128,0,2,3,2,2,3,0,0,1,1,0,wendys,mcdo0lds,burger king,el patron,mosaic,2,1,1,1,1,1,1,1,1,1,0,1,3,1,2,0,0,0,0,0,0,0,0,0,0,7,customer service for local government,0,0,0,0,0,0,0,0,0,0,no children at home,1,0,0,0,0,0,0,0,0,0,0,0,0,14,0,0,0,0,4,1,0,0,0,0,0,0
129,0,2,3,2,1,7,1,1,1,1,0,sheetz,pepicelli pizza,Burger king,hardees,mc dondale,2,2,2,1,1,1,2,2,2,2,0,1,4,1,1,0,0,0,0,0,0,0,0,0,6,0,retired,0,0,0,0,0,0,0,0,0,0,no child,0,0,0,0,0,0,0,0,9,0,0,0,0,14,0,0,0,walking,2,1,0,0,4,0,0,0
130,0,2,3,2,3,4,5,1,1,1,0,Chik Fil-A,Chipotle,Texas Roadhouse,0,0,2,3,2,2,2,1,1,2,1,3,0,1,3,1,2,0,0,0,None,0,0,0,0,0,0,7,Beauty Professio0l,0,0,0,0,0,0,0,0,0,0,0,0,0,0,0,0,0,0,0,0,0,0,12,0,0,0,0,0,Sewing,1,0,0,0,0,0,0,0
131,0,2,3,2,2,7,1,1,1,1,0,Red Lobster,0,Longhorn Steakhouse,0,0,2,1,1,2,4,1,1,1,1,1,0,1,4,2,2,0,0,none,0,0,0,0,0,0,6,0,0,0,0,0,0,0,0,0,0,0,0,0,0,0,0,0,0,0,0,0,0,0,0,0,13,14,0,0,0,0,2,0,0,0,0,0,6,computer
132,0,1,3,2,1,4,1,1,4,4,0,Mcdo0lds,Chick-fil-a,Calabash,0,0,2,2,2,1,1,1,2,2,2,3,0,1,1,1,1,0,0,0,0,0,0,0,0,0,6,0,student,0,0,0,0,0,0,0,0,0,0,dont hAVE KIDS,1,2,3,4,5,6,7,8,9,10,11,12,13,14,15,16,0,0,2,0,2,0,0,0,0,0
134,0,1,2,2,1,0,0,0,0,0,0,0,0,0,0,0,1,0,0,0,0,0,0,0,0,0,0,0,0,0,0,0,0,0,0,0,0,0,0,0,0,0,0,0,0,0,0,0,0,0,0,0,0,0,0,0,0,0,0,0,0,0,0,0,0,0,0,0,0,0,0,0,0,0,0,0,0,0,0,0
135,0,1,2,2,1,7,7,1,1,1,0,Apple Bee's,Five Guys,Au Bon Pain,Ledo's,Chili's,2,1,1,1,1,1,1,1,2,2,0,1,2,1,2,0,0,0,0,0,0,0,0,0,0,7,Bookkeeper,0,0,0,0,0,0,0,8,0,0,no children,0,0,0,0,5,0,0,0,0,10,0,12,0,0,0,0,0,0,1,0,0,0,0,0,0,0
137,0,1,2,2,3,4,3,1,3,2,0,Wendy's,City Diner,Quizno's,Sticky Rice,Chipotle,2,2,2,1,3,1,3,3,2,3,0,1,1,1,1,0,0,0,0,0,0,0,0,0,0,7,Petcare Associate,0,0,0,0,0,0,0,0,0,0,I don't have children,0,0,3,0,5,6,0,0,0,0,0,0,0,14,0,16,0,Rock climbing and repelling,1,0,0,0,0,0,0,0
138,0,2,2,2,2,6,1,1,1,1,0,mcdo0lds,burger king,wendys,sonic,subway,2,2,2,3,3,1,3,3,2,5,0,1,2,3,2,1,0,0,0,0,0,0,0,0,0,7,0,0,0,0,0,0,0,0,0,0,0,none,0,0,0,0,0,0,0,0,0,0,0,0,0,0,0,0,17,0,1,0,0,0,0,0,0,0
139,0,1,2,2,3,1,1,1,1,1,0,ddddddddd,ddddddddddddddddd,wwwwwwwww,qqqqqqqqqqqqq,qqqqqqqqqqqqqqqqqqqqq,2,2,2,2,2,2,2,2,2,2,0,1,3,3,1,0,0,0,vvvvvvvvvvv,0,0,3,0,0,0,0,ffffffff,1,0,0,0,0,0,0,0,0,0,0,0,0,0,0,0,0,0,0,0,0,0,12,0,0,0,0,0,0,5,0,2,0,0,0,6,0
140,0,1,4,1,1,3,6,1,1,2,0,Cracker Barrell,Red Lobster,Ichiban Grill,Giovanni's,0,2,2,1,1,2,1,1,2,1,3,0,1,3,1,2,0,0,0,0,0,0,0,0,0,0,7,customer service,0,0,0,0,0,0,0,0,0,0,none,0,0,3,0,0,0,0,8,0,0,0,0,0,14,0,16,0,0,2,1,2,0,0,0,0,0
141,0,2,3,2,2,7,7,1,2,2,0,mcdo0lds,wendys,hardees,subway,burger king,2,1,1,1,1,1,1,1,1,1,0,1,2,1,2,2,0,0,0,0,0,0,0,0,6,0,0,0,0,0,0,0,0,0,0,9,0,cheerleading,0,0,0,0,0,0,0,0,0,0,0,0,0,0,0,0,17,0,4,1,0,0,4,5,0,0
142,0,3,2,2,2,5,1,1,2,2,0,ghenghis khan,outback,applebee's,0,0,2,2,2,2,3,2,1,1,1,0,0,1,3,1,2,0,0,1,0,0,0,0,0,0,6,0,0,0,0,0,0,0,0,0,0,0,0,0,1,0,0,0,0,0,0,8,0,0,0,0,0,0,0,0,0,0,2,1,2,3,4,0,0,0
143,0,1,2,2,1,6,1,1,2,1,0,Cook Out,0,0,0,0,2,2,3,1,2,2,2,2,2,2,0,1,3,1,2,0,0,1,0,0,0,0,0,0,6,0,0,0,0,0,0,0,0,0,0,0,0,0,0,0,0,0,0,0,0,8,0,0,0,0,0,0,0,0,0,0,2,0,2,0,0,0,6,0
144,0,2,2,2,2,2,1,1,1,6,0,Angelo's,Applebee's,Outback,Chi0 Taste,Subway,2,2,1,1,1,1,1,1,2,1,0,1,3,2,2,0,0,0,0,0,0,0,0,0,6,0,0,0,0,0,0,0,0,0,0,0,0,my children are 36  & 39,1,0,3,0,0,0,0,0,0,0,0,0,0,14,0,16,0,0,3,1,0,3,0,5,0,0
145,0,1,3,2,3,6,1,1,2,2,0,Shoney's,O'Charley's,Genghis Grill,Friendly's,Ruby Tuesday,2,2,2,1,2,1,1,1,1,2,0,1,3,2,2,0,0,2,0,0,0,0,0,0,6,0,0,0,0,0,0,0,0,0,8,0,0,0,0,0,0,0,0,0,0,0,0,0,0,0,0,14,0,16,0,"Reading, Cooking, Crafts",4,1,2,3,0,5,0,0
147,0,3,1,3,2,0,0,0,0,0,0,0,0,0,0,0,2,0,0,0,0,0,0,0,0,0,0,0,0,0,0,0,0,0,0,0,0,0,0,0,0,0,0,0,0,0,0,0,0,0,0,0,0,0,0,0,0,0,0,0,0,0,0,0,0,0,0,0,0,0,0,0,0,0,0,0,0,0,0,0
148,0,2,1,2,2,1,4,2,1,3,0,family secrets,0,0,0,0,2,1,2,1,5,1,3,3,3,5,0,2,2,2,2,1,0,0,0,0,0,3,0,0,0,7,0,0,0,0,0,0,6,0,0,9,0,0,0,0,0,0,0,0,0,0,9,0,0,0,0,0,0,0,0,0,1,0,0,0,0,0,0,0
149,0,1,4,3,1,3,2,2,4,0,0,Maggiano's,Panera bread,Elephant Thai,Qdoba,Applebee's,2,2,2,1,2,1,2,2,1,3,0,1,3,3,2,0,0,0,0,0,0,0,0,0,0,7,0,0,0,0,0,0,0,0,0,0,0,0,0,2,0,0,0,0,0,0,0,0,0,0,0,0,0,0,0,0,2,0,2,3,4,0,0,0
150,0,2,1,3,3,7,1,1,2,1,0,hon kong,wendy's,mcdonld's,subway,captain d's,2,2,1,1,1,1,1,1,1,2,0,1,2,1,2,0,0,0,0,0,0,0,0,0,6,0,0,0,0,0,0,0,0,0,0,0,0,none,1,0,0,0,0,0,0,0,0,0,0,0,0,14,15,0,0,0,3,1,0,0,0,0,0,0
152,0,1,4,2,2,0,0,0,0,0,0,0,0,0,0,0,1,0,0,0,0,0,0,0,0,0,0,0,0,0,0,0,0,0,0,0,0,0,0,0,0,0,0,0,0,0,0,0,0,0,0,0,0,0,0,0,0,0,0,0,0,0,0,0,0,0,0,0,0,0,0,0,0,0,0,0,0,0,0,0
153,0,2,3,2,2,3,4,3,1,1,0,Thai Diner,Tripps,Cheesecake factory,Sushi-O,Carrabas,2,2,1,2,4,1,2,2,1,3,0,1,2,3,2,0,0,0,0,0,0,0,0,5,0,0,0,0,0,0,0,0,0,0,0,0,0,0,1,0,0,0,0,0,0,0,0,0,0,0,0,14,0,16,0,0,1,0,0,0,0,0,0,0
154,0,2,2,1,2,1,1,1,6,1,0,Applebee's,Outback Steakhouse,Arby's,Olive Garden,Croaker Spot,2,2,2,2,2,2,2,2,2,2,0,1,3,2,2,1,0,1,0,0,0,0,0,0,0,7,0,0,0,0,0,0,0,0,0,0,0,Cheerleading,0,0,0,0,0,0,0,0,0,0,0,0,0,14,0,0,0,0,1,0,0,0,0,0,0,0
156,0,1,1,1,1,0,4,0,0,0,0,0,0,0,0,0,2,6,6,6,6,6,6,6,6,6,0,0,0,0,0,0,0,0,0,0,0,0,0,0,0,0,0,0,0,0,0,0,0,0,0,0,0,0,0,0,0,0,0,0,0,0,0,0,0,0,0,0,0,0,0,0,0,0,0,0,0,0,0,0
157,0,3,2,3,3,4,1,1,3,3,0,chick fila,mcdo0ls,wendys,jimmy johns,chiptole,2,1,1,1,1,2,2,2,2,2,0,2,2,2,2,1,0,0,0,0,0,0,0,0,0,7,admin,0,2,0,0,0,0,0,8,9,0,0,1,0,0,0,0,0,7,0,0,0,0,0,0,14,15,16,17,0,3,0,2,0,4,0,0,0
158,0,2,3,2,2,2,5,2,2,1,0,Panera,McDo0lds,Cookout,Martins,Olive Garden,2,1,1,1,1,1,1,1,1,2,0,1,2,2,2,0,0,0,0,0,0,0,0,5,0,0,0,0,0,0,0,0,0,0,0,0,0,0,1,0,0,0,0,0,0,0,0,0,0,0,0,14,0,0,0,0,3,1,2,3,4,5,6,0
160,0,2,2,2,1,7,1,1,5,4,0,McDo0lds,Chick Fil A,Taco Bell,0,0,2,1,1,1,3,1,2,2,1,2,0,1,3,1,2,2,1,0,0,0,0,0,0,0,6,0,0,0,0,0,0,0,0,0,0,0,0,0,0,0,0,0,0,0,0,0,0,10,0,0,0,0,0,0,0,0,4,1,0,0,0,0,0,0
161,0,2,3,2,1,7,1,1,1,1,0,0,0,0,0,0,2,3,3,3,3,3,3,3,3,3,0,1,3,1,1,0,0,0,0,0,0,0,0,0,6,0,housekeep,0,0,0,0,0,0,0,0,0,0,0,0,0,0,0,0,0,0,0,0,0,11,0,0,0,0,0,0,walk,5,0,2,0,0,0,0,0
162,0,2,2,3,2,7,6,1,2,1,0,qdoba,panera,tropical acres,athe0s,fidays,2,2,2,1,1,1,1,1,1,2,0,1,3,2,2,0,0,0,0,0,0,0,0,0,0,7,bank teller,0,0,0,0,0,0,0,0,0,0,0,0,0,3,0,0,0,0,0,0,0,0,0,0,14,0,0,0,0,3,1,0,0,0,0,0,0
163,0,1,4,2,2,6,1,1,3,1,0,burger king,McDonnell's,Arby's,hardies,0,2,2,2,2,3,2,3,4,2,5,0,2,4,2,1,0,0,0,0,0,0,0,0,5,0,0,retired,0,0,0,0,0,0,0,0,0,0,none,0,0,0,0,0,0,0,8,0,0,0,0,0,0,0,0,0,quilting,1,0,0,0,0,0,0,0
165,0,2,3,2,3,0,0,0,0,0,0,0,0,0,0,0,2,0,0,0,0,0,0,0,0,0,0,0,0,0,0,0,0,0,0,0,0,0,0,0,0,0,0,0,0,0,0,0,0,0,0,0,0,0,0,0,0,0,0,0,0,0,0,0,0,0,0,0,0,0,0,0,0,0,0,0,0,0,0,0
167,0,3,2,3,3,0,0,0,0,0,0,0,0,0,0,0,2,0,0,0,0,0,0,0,0,0,0,0,0,0,0,0,0,0,0,0,0,0,0,0,0,0,0,0,0,0,0,0,0,0,0,0,0,0,0,0,0,0,0,0,0,0,0,0,0,0,0,0,0,0,0,0,0,0,0,0,0,0,0,0
168,0,1,4,2,1,2,2,1,5,1,0,mcdo0lds,wendys,kfc,applebees,burger king,2,4,1,1,4,1,3,3,1,4,0,1,1,1,2,2,0,0,0,0,0,0,0,0,6,0,0,0,2,0,0,0,0,0,0,0,0,0,0,0,3,0,0,0,0,0,0,0,0,0,0,14,0,0,0,0,2,1,2,0,4,0,0,0
169,0,2,3,2,3,1,3,1,4,1,0,chpotle,wendys,kfc,0,0,2,1,1,2,1,1,1,1,1,3,0,1,4,1,2,0,0,0,0,0,0,3,0,0,0,0,0,0,0,0,0,0,0,0,0,0,0,0,0,0,3,0,0,0,0,0,0,0,11,0,0,0,0,0,0,0,1,0,0,0,0,0,0,0
170,0,2,3,3,2,6,2,1,2,1,0,Nino's Pizza,McDo0ld's,Taco Bell,KFC,BugerKing,2,3,2,1,2,1,2,3,1,2,0,1,2,1,2,0,0,2,0,0,0,0,0,0,6,0,0,0,0,0,0,0,0,0,0,0,0,no children,0,0,0,0,0,0,0,8,0,0,0,0,0,0,0,0,0,Macrame,1,0,0,0,0,0,0,0
172,0,2,3,2,2,0,0,0,0,0,0,0,0,0,0,0,2,0,0,0,0,0,0,0,0,0,0,0,0,0,0,0,0,0,0,0,0,0,0,0,0,0,0,0,0,0,0,0,0,0,0,0,0,0,0,0,0,0,0,0,0,0,0,0,0,0,0,0,0,0,0,0,0,0,0,0,0,0,0,0
173,0,1,1,2,2,1,1,1,1,7,0,McDo0lds,Burger King,Hoss's,Perkins,Huddle House,2,2,1,1,3,1,2,2,1,3,0,1,1,1,1,0,0,0,0,0,0,0,0,5,0,0,Writer,0,0,0,0,0,0,0,0,0,0,0,0,0,3,0,0,0,0,0,9,10,0,0,13,14,0,16,0,Horseback Riding,1,0,0,0,0,0,0,0
174,0,1,4,4,2,5,1,1,4,3,0,taco bell,mcdo0lds,pizza hut,red robin,dominos,2,1,1,1,2,1,1,1,1,1,0,1,1,2,2,0,1,2,0,0,0,0,0,0,0,7,student,0,0,0,0,0,0,0,0,0,0,baseball,0,0,0,0,0,0,0,0,9,0,0,0,0,14,0,16,0,0,1,0,0,0,0,0,0,0
175,0,2,3,2,1,3,1,1,6,1,0,"cold harbor restaurant, mechanicsville, va","le patron mechanicsville, va","nicks mechanicsville, va","an0s mechanicsville, va","awful arthurs mechanicsville, va",2,2,1,1,3,1,2,2,2,1,0,1,4,3,2,0,0,0,none,0,0,0,0,0,6,0,retired,0,0,0,0,0,0,0,0,0,0,none,1,0,0,0,0,0,0,0,0,0,0,0,0,14,0,0,0,quilting,2,1,0,0,4,5,0,0
176,0,1,2,2,2,4,1,1,5,1,0,Daddyo's,Jimmy's,New York Deli,0,0,2,1,1,1,2,1,1,1,1,1,0,1,3,1,1,0,0,none,0,0,0,0,0,0,6,0,0,0,0,0,0,0,0,0,0,0,0,no children,0,0,0,0,0,0,0,8,0,0,0,0,13,0,0,0,0,0,1,0,0,0,0,0,0,0
177,0,2,2,2,2,7,1,1,1,3,0,seafood restaurants,steak,mcdo0lds,wendys,burgerking,2,1,2,1,1,1,1,1,1,1,0,1,4,1,1,none,none,none,0,0,0,0,0,0,0,7,0,0,0,0,0,5,0,0,0,0,0,no children at home,0,0,3,0,0,0,0,0,0,0,0,0,0,14,15,0,17,0,1,0,0,0,0,0,0,0
178,0,2,2,2,2,5,4,1,1,1,0,panera,jasons deli,chilis,smoky bones,cracker barrel,2,2,2,3,1,1,1,1,1,2,0,1,3,3,2,0,0,0,0,0,0,0,0,0,0,7,0,0,0,0,0,0,0,0,0,0,0,0,0,0,0,0,0,0,0,0,0,0,0,0,0,14,15,0,0,0,1,0,0,0,0,0,0,0
179,0,1,3,2,2,2,6,1,1,1,0,McDo0ld's,Bojangles,Arby's,0,0,2,2,2,1,2,2,1,2,1,1,0,1,3,1,2,1,0,0,0,0,0,0,0,0,0,7,Mail Clerk,0,0,0,0,5,6,0,8,9,0,0,1,2,3,0,0,0,0,0,0,0,0,0,0,14,0,0,0,0,5,1,2,3,4,5,0,0
180,0,1,1,2,2,3,1,1,4,2,0,Wendy's,McDo0ld's,Subway,Dominos,Panera Bread,2,1,2,1,2,1,2,2,1,2,0,1,3,1,2,0,0,1,0,0,0,0,0,5,0,0,0,0,0,0,0,0,0,0,8,0,0,0,0,0,0,0,0,0,0,8,0,10,0,0,0,14,0,0,0,0,3,1,2,3,4,5,0,0
182,0,1,3,2,1,7,0,0,0,0,0,mcdo0ld,0,chick fila,popeyes,olive garden,2,6,0,1,0,2,0,1,6,0,0,2,4,3,3,0,0,0,0,0,0,0,0,0,0,7,0,0,0,0,0,0,0,0,0,0,0,0,0,0,0,0,0,0,0,0,0,0,0,0,0,0,15,0,0,church,5,0,0,0,4,0,6,0
183,0,3,3,2,2,2,6,1,1,1,0,McDo0lds,Panera,Islamorada Fish Company,Bonefish Grill,0,2,2,2,1,2,1,1,1,1,2,0,1,3,2,2,3,0,0,0,0,0,0,0,0,0,7,0,0,0,0,0,0,0,7,8,0,0,Scouts,0,0,0,0,5,6,0,8,0,0,0,0,0,0,0,16,17,0,1,0,0,0,0,0,0,0
184,0,2,4,2,2,5,1,1,4,1,0,Ma and Pa's,McDo0lds,Hardees,Applebees,Wendys,2,2,3,2,3,2,2,3,2,2,0,1,3,1,2,0,0,0,0,0,0,0,0,0,6,0,0,0,0,0,0,0,0,0,0,0,0,0,1,0,0,0,0,6,0,0,0,10,0,0,0,14,0,0,0,0,1,0,0,0,0,0,0,0
185,0,1,4,1,1,3,5,1,2,1,0,Outback,Applebees,local,local,local,2,2,2,2,2,2,2,2,2,2,0,1,3,2,1,0,0,0,0,0,0,0,0,0,0,7,0,0,0,0,0,0,0,0,0,0,0,0,0,0,0,0,0,0,0,0,0,0,0,0,0,0,0,0,17,none,2,0,0,3,0,0,0,0
186,0,2,4,2,2,1,1,1,7,1,0,crab louies,cracker barrel,famous daves,arbys,burger king,2,1,1,1,1,1,1,1,1,3,0,1,4,1,2,0,0,0,0,0,0,0,0,0,6,0,0,0,0,0,0,0,0,0,0,0,0,none living at home,0,0,0,0,0,0,0,0,0,0,0,0,0,14,0,0,0,0,2,1,2,0,4,5,6,0
187,0,2,3,2,3,4,1,1,5,1,0,Cracker Barrel,Chic Fil A,Arby's,Olive Garden,Sonic,2,1,1,1,2,1,1,1,1,2,0,1,3,2,2,0,0,0,0,0,0,0,0,0,6,0,0,0,0,0,0,0,0,0,0,0,0,0,1,0,0,0,0,0,0,8,0,0,0,0,0,0,0,0,17,0,1,0,0,0,0,0,0,0
190,0,1,3,2,2,7,1,1,1,2,0,taco bell,cicis pizza,mcdo0lds,dennys,little caesars pizza,2,2,1,1,2,1,1,1,1,3,0,1,2,1,1,1,2,0,0,0,0,3,0,0,0,0,home health aid,0,0,0,0,0,0,0,8,0,10,0,0,0,0,0,0,0,0,0,0,0,0,0,0,0,15,0,17,0,1,0,0,0,0,0,0,0
191,0,2,4,2,1,3,6,1,1,1,0,Ruby Tuesday,Applebees,Olive Garden,McDo0ld's,Chick-Fil-A,2,3,2,2,2,1,1,2,1,3,0,1,3,1,1,2,0,1,0,0,0,0,0,0,0,7,Copy Center Ma0ger,0,0,0,0,0,6,0,8,0,0,Basketball,0,0,0,0,0,0,0,0,0,0,0,0,0,14,0,0,17,walking,2,0,0,0,4,0,6,Mail
192,0,2,2,1,1,6,1,1,2,1,0,Bell Cafe,0,0,0,0,2,2,2,2,1,1,1,1,1,1,0,1,4,1,2,0,0,0,0,0,0,0,0,0,0,7,web developer,0,0,0,0,0,0,0,0,0,0,none,0,0,0,0,0,0,0,8,0,0,0,0,0,0,0,0,0,church choir,1,0,0,0,0,0,0,0
193,0,2,2,3,3,7,1,1,2,1,0,APPLEBEE'S,SHONEY'S,LOWERY'S,RED LOBSTER,LONE STAR,2,1,1,1,1,1,1,1,1,1,0,1,3,2,1,NONE,NONE,NONE,0,0,0,0,0,0,6,0,SOON WILL BE LOOKING FOR JOB IN BILLING AND CODING,0,0,0,0,0,0,0,0,0,0,NO CHILDREN AT HOME,0,0,0,0,0,0,0,0,0,0,0,0,0,14,0,0,0,"CRAFTS, READING, WALKING ON TREADMILL",4,1,2,0,0,0,0,0
195,0,2,3,2,2,0,0,0,0,0,0,0,0,0,0,0,2,0,0,0,0,0,0,0,0,0,0,0,0,0,0,0,0,0,0,0,0,0,0,0,0,0,0,0,0,0,0,0,0,0,0,0,0,0,0,0,0,0,0,0,0,0,0,0,0,0,0,0,0,0,0,0,0,0,0,0,0,0,0,0
198,0,2,3,2,2,6,1,1,3,1,0,Pa0ra Bread,Cookout,McDo0lds,Applebees,KFC,2,2,2,1,2,1,1,1,1,3,0,2,3,2,2,1,1,0,0,0,0,3,0,0,0,0,Claims processor,0,0,0,0,0,0,0,8,9,0,Karate,1,0,0,0,0,0,0,8,0,0,0,0,13,14,15,16,17,0,3,1,2,3,0,5,0,0
199,0,2,4,2,2,4,1,1,1,1,0,dante's,burger king,wendys,arbys,mcdo0lds,2,1,1,1,1,1,1,1,1,1,0,2,2,1,1,0,0,0,0,0,0,0,0,0,0,7,unemployed,0,0,0,0,0,0,0,0,0,0,0,1,0,3,0,5,6,0,0,9,0,0,0,0,14,0,0,0,0,1,0,0,0,0,0,0,0
200,0,1,4,2,2,4,1,1,3,1,0,0,0,0,0,0,2,4,0,3,3,1,1,1,1,1,0,1,2,1,1,0,1,0,0,0,0,0,0,5,0,0,transportation,0,0,0,0,0,0,0,0,0,0,band,0,0,0,0,0,0,0,0,0,0,0,0,0,0,15,0,0,dancing,1,0,0,0,0,0,0,0
201,0,1,1,1,2,1,1,1,2,6,0,Subway,Quiznos,Jasons,Jersey Mike,Panera Bread,2,1,1,1,1,1,2,1,1,1,0,1,3,1,1,0,0,0,0,0,0,0,0,5,0,0,Student,0,0,0,0,0,0,0,0,0,0,0,1,0,0,0,0,0,0,0,0,0,0,0,13,14,0,16,0,0,2,1,0,0,4,5,0,0
202,0,2,3,2,2,2,1,1,2,2,0,Peking Restaurant,Wendy's,McDo0lds,Ruby Tuesday,0,2,2,1,1,2,1,2,2,1,2,0,1,4,1,1,0,0,0,None,0,0,0,0,0,0,7,Retired,0,0,0,0,0,0,0,0,0,0,No children at home,1,0,0,0,0,0,0,0,0,0,0,0,0,14,15,16,17,0,1,0,0,0,0,0,0,0
204,0,2,3,2,2,0,0,0,0,0,0,0,0,0,0,0,2,0,0,0,0,0,0,0,0,0,0,0,0,0,0,0,0,0,0,0,0,0,0,0,0,0,0,0,0,0,0,0,0,0,0,0,0,0,0,0,0,0,0,0,0,0,0,0,0,0,0,0,0,0,0,0,0,0,0,0,0,0,0,0
205,0,2,4,3,2,5,1,1,3,1,0,Taco Bell,McDo0lds,Wendys,Buffalo Wild Wings,Chipotle,2,2,2,1,2,1,2,2,2,3,0,1,2,2,2,0,0,0,0,0,0,0,0,0,6,0,0,0,0,0,0,0,0,0,0,0,0,Don't have children,0,0,0,0,0,0,0,0,0,0,0,0,0,14,0,0,0,Reading,2,1,2,3,0,5,0,0
206,0,1,3,1,2,5,1,1,2,3,0,McDo0lds,Kentucky Fried Chicken,0,0,0,2,2,3,1,1,1,3,3,2,4,0,2,3,1,3,0,0,0,0,0,0,0,0,0,0,7,Process Server,0,0,0,0,0,0,0,0,0,0,0,0,0,0,0,0,0,0,0,9,0,11,0,0,14,0,0,0,0,1,0,0,0,0,0,0,0
208,0,2,2,2,2,0,0,0,0,0,0,0,0,0,0,0,1,0,0,0,0,0,0,0,0,0,0,0,0,0,0,0,0,0,0,0,0,0,0,0,0,0,0,0,0,0,0,0,0,0,0,0,0,0,0,0,0,0,0,0,0,0,0,0,0,0,0,0,0,0,0,0,0,0,0,0,0,0,0,0
210,0,2,3,1,2,0,0,0,0,0,0,0,0,0,0,0,1,0,0,0,0,0,0,0,0,0,0,0,0,0,0,0,0,0,0,0,0,0,0,0,0,0,0,0,0,0,0,0,0,0,0,0,0,0,0,0,0,0,0,0,0,0,0,0,0,0,0,0,0,0,0,0,0,0,0,0,0,0,0,0
212,0,2,4,2,2,7,1,1,1,1,0,0,0,0,0,0,2,1,1,1,1,1,1,1,1,4,0,0,0,0,0,0,0,0,0,0,0,0,0,0,0,0,0,0,0,0,0,0,0,0,0,0,0,0,0,0,0,0,0,0,0,0,0,0,0,0,0,0,0,0,0,0,0,0,0,0,0,0,0,0
213,0,2,2,3,2,7,1,1,1,1,0,The Corner,Lees,Olivias,0,0,2,1,2,1,2,1,1,1,1,1,0,1,3,2,2,0,0,0,0,0,0,0,0,0,6,0,retired,0,0,0,0,0,0,0,0,0,0,0,0,0,0,0,0,0,0,8,0,0,0,0,0,0,0,0,0,0,1,0,0,0,0,0,0,0
215,0,2,2,2,3,0,0,0,0,0,0,0,0,0,0,0,2,0,0,0,0,0,0,0,0,0,0,0,0,0,0,0,0,0,0,0,0,0,0,0,0,0,0,0,0,0,0,0,0,0,0,0,0,0,0,0,0,0,0,0,0,0,0,0,0,0,0,0,0,0,0,0,0,0,0,0,0,0,0,0
216,0,2,4,2,2,1,6,1,1,3,0,Chic-Fil-a,Panera,Olive Garden,O'Charley's,Burger King,2,3,2,2,3,1,3,3,2,2,0,1,2,1,1,0,0,0,0,0,0,0,0,5,0,0,0,0,0,0,0,0,0,0,0,0,0,0,0,0,0,0,5,0,0,0,0,0,0,0,0,14,0,0,0,0,2,1,2,3,0,5,0,0
217,0,3,3,2,2,2,3,1,1,2,0,Chick A Fila,KFC,O'Charley's,McDo0ld's,Firehouse Sub,2,1,1,1,2,1,1,2,2,2,0,1,3,1,1,0,0,0,0,0,0,0,0,5,0,0,0,0,0,0,0,0,0,0,0,0,0,0,1,0,0,0,0,0,0,8,0,0,0,0,13,14,0,16,17,bowling,2,1,2,0,4,5,0,0
218,0,1,4,1,3,5,1,1,3,2,0,outback,chinese,applebees,0,0,2,2,2,2,2,2,2,2,2,3,0,1,2,2,2,0,0,0,0,0,0,0,0,0,6,0,0,0,0,0,0,0,0,0,0,0,0,0,0,0,0,0,0,0,0,0,0,0,0,0,0,14,0,0,0,0,2,0,2,0,0,0,0,0
220,0,2,2,2,2,7,1,1,1,1,0,all visited equally,0,0,0,0,2,2,2,1,2,2,2,3,2,2,0,2,3,3,2,0,0,0,0,0,0,0,0,0,0,7,none of the above,0,0,0,0,0,0,0,0,0,0,n/a,1,0,0,0,0,0,0,0,0,0,0,0,0,0,0,0,0,music,1,0,0,0,0,0,0,0
222,0,2,3,2,2,0,0,0,0,0,0,0,0,0,0,0,2,0,0,0,0,0,0,0,0,0,0,0,0,0,0,0,0,0,0,0,0,0,0,0,0,0,0,0,0,0,0,0,0,0,0,0,0,0,0,0,0,0,0,0,0,0,0,0,0,0,0,0,0,0,0,0,0,0,0,0,0,0,0,0
224,0,2,2,2,2,6,1,1,4,4,0,McDo0lds,Popeyes,Poppa Johns,Applebees,0,2,1,1,1,1,1,1,2,2,2,0,0,0,0,0,0,0,0,0,0,0,0,0,0,0,0,0,0,0,0,0,0,0,0,0,0,0,0,0,0,0,0,0,0,0,0,0,0,0,0,0,0,0,0,0,0,0,0,0,0,0,0,0,0
225,0,2,4,1,2,7,1,4,2,3,0,Joe's Out Bon Air,Maldini's,Frank's Ristorante,Outback Steakhouse,Belle Vie,2,3,2,3,2,1,1,1,2,2,0,2,4,2,2,0,0,0,0,0,0,0,0,0,6,0,retail sales,0,0,0,0,0,0,0,0,0,0,no children living at home,0,2,0,0,0,0,0,0,0,0,0,0,0,0,0,0,0,reading,1,0,0,0,0,0,0,0
226,0,2,4,2,1,6,1,1,3,1,0,arbys,bob evans,chick fil a,subway,Mc do0lds,2,1,1,1,2,1,2,2,1,2,drive thru,1,4,2,3,0,0,0,0,0,0,0,0,0,6,0,retired,0,0,0,0,0,0,0,0,0,0,0,0,0,0,0,0,0,0,8,0,0,0,0,0,14,0,0,0,thrifting,2,1,2,3,0,0,0,0
227,0,2,3,2,3,6,1,1,1,3,0,Ruby Tuesday,Anderson's Garden Cafe,0,0,0,2,2,2,2,2,1,2,1,1,3,0,1,3,2,3,0,0,1,0,0,0,0,0,0,0,7,state government,0,0,0,0,0,0,0,0,0,0,computer programming,0,0,0,0,0,0,0,0,0,0,0,12,0,0,0,0,0,reading,1,0,0,0,0,0,0,0
228,0,2,3,2,1,6,1,1,2,2,0,Applebees,Cracker Barrel,Yen Ching,Crazy Greek,Chili's,2,2,2,2,3,1,1,1,1,3,0,1,4,2,1,0,0,0,0,0,0,0,0,0,0,7,Retired,0,0,0,0,0,0,0,0,0,0,0,0,0,3,0,0,0,0,0,0,0,0,0,0,0,0,0,0,water aerobics,2,1,0,3,0,0,0,0
235,0,3,2,3,4,0,0,0,0,0,0,0,0,0,0,0,1,0,0,0,0,0,0,0,0,0,0,0,0,0,0,0,0,0,0,0,0,0,0,0,0,0,0,0,0,0,0,0,0,0,0,0,0,0,0,0,0,0,0,0,0,0,0,0,0,0,0,0,0,0,0,0,0,0,0,0,0,0,0,0
236,0,3,4,1,4,6,0,1,4,3,0,Mcdo0lds,Wendy's,taco bell,burger king,KFC,2,5,2,1,5,1,3,5,2,3,0,1,3,3,2,2,0,2,0,0,0,0,0,0,0,7,registered nurse,0,2,0,0,5,0,0,8,0,0,0,0,0,3,0,0,0,0,0,0,10,0,0,0,0,0,0,17,0,2,1,2,0,4,5,6,0
238,0,1,1,1,1,0,0,0,0,0,0,0,0,0,0,0,1,0,0,0,0,0,0,0,0,0,0,0,0,0,0,0,0,0,0,0,0,0,0,0,0,0,0,0,0,0,0,0,0,0,0,0,0,0,0,0,0,0,0,0,0,0,0,0,0,0,0,0,0,0,0,0,0,0,0,0,0,0,0,0
239,0,1,1,3,2,7,1,1,1,1,0,dominoz,india pastry,0,0,0,2,2,1,1,1,1,1,1,1,1,0,1,2,3,2,1,0,0,0,0,0,0,0,0,6,0,0,0,0,0,0,5,0,0,8,9,10,0,0,0,3,0,0,0,0,0,0,0,0,0,13,14,15,16,17,0,2,1,0,0,0,0,6,0
240,0,1,1,1,1,5,1,1,1,2,0,burger king,mcdo0lds,pizza hut,five guys,subway,2,1,2,1,5,1,2,2,1,3,0,1,3,1,3,0,1,1,0,0,0,0,0,0,6,0,0,1,0,0,0,0,0,0,0,0,0,0,0,0,0,0,0,0,0,0,0,0,0,0,0,14,0,0,0,walking,2,0,0,0,4,5,0,0
241,0,3,4,3,3,4,5,5,5,1,0,Chipotle,Panera,Starbucks,Cheesecake Factory,Canes,2,1,1,1,1,1,1,1,1,1,0,1,1,3,2,0,0,1,0,0,0,0,4,0,0,0,none,0,0,0,0,0,0,0,0,0,0,none,0,0,3,0,5,6,7,0,0,0,0,12,0,0,0,0,0,0,1,0,0,0,0,0,0,0
242,0,2,4,2,1,4,2,1,4,1,0,hardee,mcdo0ld,chick filet,wendy,denny,2,2,2,1,4,2,2,2,2,4,0,1,4,2,2,0,0,2,0,0,0,0,0,0,0,7,family therapist,0,2,3,0,0,0,7,8,0,0,0,1,0,0,0,0,6,0,8,9,10,0,0,0,14,0,16,0,0,4,1,0,0,0,0,6,0
243,0,2,2,2,2,5,0,0,4,0,0,Panera Bread,Eileen's Fredericksburg,Brock's Fredericksburg,McDo0lds anywhere,Cracker Barrel,2,1,2,2,1,1,2,2,1,3,"Good service (efficient, & quick for the type place)",1,3,3,2,0,0,0,0,0,0,0,0,0,0,7,Retired Mathematician,0,0,0,0,0,0,0,0,0,0,none,1,0,0,0,5,6,0,8,0,0,0,0,0,14,0,16,0,YMCA classes,1,0,0,0,0,0,0,0
244,0,1,1,2,2,1,1,4,3,3,0,chick fil a,chipotle,panera,taco bell,ricos,2,2,1,1,2,1,1,1,1,2,0,1,1,3,2,0,1,0,0,0,0,0,0,5,0,0,student,1,0,3,0,0,0,0,8,0,0,0,1,0,0,0,0,6,0,0,0,0,0,0,0,14,15,16,0,0,2,1,0,0,4,0,0,0
245,0,1,4,2,2,2,4,3,3,1,0,La Pariesienne,The Daily Grill,Akida,Banditos,On the Rox,2,2,2,1,1,1,2,3,1,1,0,2,2,2,1,0,0,0,0,1,0,0,0,0,0,0,0,0,0,0,0,0,0,0,0,0,0,0,1,0,0,0,5,0,0,0,0,0,0,0,0,14,15,16,0,0,2,1,0,3,0,0,0,0
248,0,2,4,2,2,0,0,0,0,0,0,0,0,0,0,0,2,0,0,0,0,0,0,0,0,0,0,0,0,0,0,0,0,0,0,0,0,0,0,0,0,0,0,0,0,0,0,0,0,0,0,0,0,0,0,0,0,0,0,0,0,0,0,0,0,0,0,0,0,0,0,0,0,0,0,0,0,0,0,0
249,0,1,4,2,2,6,1,1,1,3,0,McDo0ld's,Herb Cottage,Pi0ra,Ruby Tuesday,Wendy's,2,2,1,2,2,1,2,2,1,2,0,1,4,2,1,0,0,0,0,0,0,0,0,5,0,0,Retired,0,0,0,0,0,0,0,0,0,0,0,1,0,3,0,0,0,0,8,0,0,0,0,0,14,15,16,17,Movies,2,0,0,3,0,0,6,0
250,0,2,3,2,4,3,6,1,1,1,0,Subway,Chick-Fil-A,Arby's,McDo0ld's,Wendy's,2,1,3,1,5,1,5,3,1,5,0,2,3,1,1,0,0,0,0,0,0,0,0,5,0,0,0,0,0,0,0,0,0,0,0,0,0,Don't have children,1,0,0,0,0,0,7,0,9,10,0,0,0,0,0,0,0,0,2,1,0,3,0,0,6,0
251,0,1,2,2,2,3,1,1,1,5,0,none,0,0,0,0,2,1,2,1,3,1,1,3,2,3,0,2,3,2,3,0,0,0,0,0,0,3,0,0,0,0,damaged,0,0,0,0,0,0,0,0,0,0,none,0,0,0,0,0,0,0,8,0,0,0,0,0,0,0,0,0,none,2,1,2,0,0,5,0,0
252,0,3,2,2,2,7,1,1,2,1,don't work full time,Casa Grande Broad Street,Subway Midlothian Tnpk,0,0,0,2,2,3,1,1,1,1,1,1,5,0,1,3,1,1,0,0,0,0,0,0,0,0,0,6,0,Pet care,0,0,0,0,0,0,0,0,0,0,no children,1,0,0,0,0,6,0,8,0,0,0,0,0,0,0,0,0,0,5,0,0,0,0,5,0,0
253,0,3,3,2,1,6,6,1,1,2,0,Applebees,Ocharlies,Con Papa Grande,Burger King,Chillis,2,2,2,1,3,1,1,1,1,3,0,1,2,2,2,1,0,0,0,0,2,0,0,0,0,0,Interpreter,1,0,0,0,0,0,0,0,0,0,0,0,0,0,0,0,0,0,0,0,0,0,0,0,14,0,0,17,0,1,0,0,0,0,0,0,0
254,0,2,3,2,2,4,5,1,1,2,0,Viet0m Gardens,Subway,Little Szechuan,Chicken Fiesta,0,2,2,1,1,1,1,1,1,1,2,0,1,3,3,2,0,2,0,0,0,0,0,0,0,0,7,Healthcare professio0l,0,0,0,0,5,6,7,8,9,0,0,0,0,3,0,5,6,0,8,0,10,11,0,0,0,0,16,0,0,1,0,0,0,0,0,0,0
255,0,3,3,3,3,2,4,2,1,3,0,ruby tuesday,CiCi's Pizza,burger king,mcDo0lds,0,2,2,2,1,2,1,2,2,2,3,0,2,3,2,1,0,0,0,0,0,2,0,0,0,0,0,0,0,0,0,0,0,0,0,0,0,0,0,0,0,0,0,0,6,0,0,0,0,0,0,0,0,0,16,0,0,2,1,0,3,4,5,6,0
257,0,2,4,2,2,0,0,0,0,0,0,0,0,0,0,0,2,0,0,0,0,0,0,0,0,0,0,0,0,0,0,0,0,0,0,0,0,0,0,0,0,0,0,0,0,0,0,0,0,0,0,0,0,0,0,0,0,0,0,0,0,0,0,0,0,0,0,0,0,0,0,0,0,0,0,0,0,0,0,0
258,0,2,3,3,3,7,1,1,1,1,0,apple bees,0,0,0,0,2,1,1,1,1,1,1,1,1,1,0,2,2,1,1,0,0,0,0,0,0,0,0,5,0,0,0,1,0,0,0,0,0,0,0,0,0,0,0,2,0,0,5,0,0,0,0,0,0,0,0,0,0,0,0,0,1,0,0,0,0,0,0,0
260,0,2,4,2,2,0,0,0,0,0,0,0,0,0,0,0,1,0,0,0,0,0,0,0,0,0,0,0,0,0,0,0,0,0,0,0,0,0,0,0,0,0,0,0,0,0,0,0,0,0,0,0,0,0,0,0,0,0,0,0,0,0,0,0,0,0,0,0,0,0,0,0,0,0,0,0,0,0,0,0
261,0,1,2,1,1,3,1,1,6,4,0,Panera,Denney's,K & L Barbecue,Sagebrush,Croakers',2,2,1,1,1,2,2,2,2,4,0,1,4,2,2,0,0,0,0,0,0,0,0,0,0,7,Civil Service Ma0gement A0lyst,0,0,0,0,0,0,0,0,0,0,0,1,0,3,0,0,0,0,8,0,0,0,0,13,14,15,16,17,"Attending Plays & Concerts, Attending & watching most college & pro sports events, Weight Machines",2,1,0,0,4,5,6,0
264,0,2,3,3,2,0,0,0,0,0,0,0,0,0,0,0,1,0,0,0,0,0,0,0,0,0,0,0,0,0,0,0,0,0,0,0,0,0,0,0,0,0,0,0,0,0,0,0,0,0,0,0,0,0,0,0,0,0,0,0,0,0,0,0,0,0,0,0,0,0,0,0,0,0,0,0,0,0,0,0
265,0,1,4,1,1,2,1,1,4,2,0,Chinese,Don Papa Grande,Cafeteria,Subway,Subway,2,1,1,1,1,1,1,1,1,1,0,1,3,1,1,0,0,0,0,0,0,0,0,0,6,0,semi retired,0,0,0,0,0,0,0,0,0,0,none,1,0,0,0,0,0,0,8,0,10,11,0,0,14,0,0,0,0,2,1,0,3,0,0,6,gift cards given to me by friends
266,1,1,2,1,1,7,1,1,2,1,0,shangra la buffet,subway,0,0,0,2,1,1,1,1,1,1,1,1,1,0,1,3,1,2,0,0,0,0,0,0,0,0,0,6,0,0,0,0,0,0,0,0,0,0,0,0,0,1,0,3,0,0,0,0,8,9,0,0,0,0,14,0,16,0,0,1,0,0,0,0,0,0,0
267,1,2,3,2,2,0,0,0,0,0,0,0,0,0,0,0,1,0,0,0,0,0,0,0,0,0,0,0,0,0,0,0,0,0,0,0,0,0,0,0,0,0,0,0,0,0,0,0,0,0,0,0,0,0,0,0,0,0,0,0,0,0,0,0,0,0,0,0,0,0,0,0,0,0,0,0,0,0,0,0
268,1,2,2,2,2,4,3,3,3,6,0,Maggiano's,Plaza Azteca,Olive Garden,Sticks Kebob,0,1,1,1,1,1,1,1,1,1,1,0,1,2,1,2,0,2,0,0,0,0,0,0,0,0,7,0,0,0,0,0,0,0,0,0,0,0,0,0,0,0,0,0,0,0,0,0,0,0,0,0,14,0,0,0,0,5,1,2,3,4,5,0,0
269,1,3,3,2,1,5,3,0,2,0,0,Jersey Mikes,Noodles and Company,Five Guys,Chicken Fiesta,Q Barbecue,1,1,2,2,2,2,2,3,2,3,0,1,2,2,2,1,0,0,0,0,0,0,0,0,0,7,0,1,0,0,0,5,0,0,8,0,0,0,0,0,0,0,0,0,0,8,0,0,0,12,0,14,0,0,17,0,3,1,2,3,4,5,6,0
270,1,2,3,1,1,2,5,1,2,1,0,Arbys,bar at Ellwood Thompson,bar at Whole Foods,Sticks,chic fil a,1,2,2,2,2,2,2,3,2,2,0,1,3,1,2,0,0,1,0,0,0,0,0,0,0,7,0,0,0,0,0,0,0,0,0,0,0,0,1,0,0,0,0,6,0,8,9,10,11,12,0,0,0,0,0,0,1,0,0,0,0,0,0,0
271,1,1,3,2,1,4,1,1,1,3,0,Kroger,Pa0ra,Moes,0,0,2,0,0,0,0,0,0,0,0,0,0,1,1,2,2,2,3,5,0,0,0,0,4,0,0,0,Freelance,1,0,0,0,0,6,7,8,9,0,0,1,0,0,0,5,6,0,0,0,10,11,12,0,14,0,16,17,0,2,0,0,0,4,0,0,0
272,1,3,3,2,3,5,1,1,4,1,0,Chick-fil-a,Pizza Bella,Sticks,Aromas,River Run,1,2,2,2,1,1,1,1,1,1,"Local owner, local restaurant",2,2,1,3,0,0,0,0,0,0,0,0,0,0,7,Dog catcher,0,0,0,0,0,0,0,0,0,0,N/A,1,0,0,0,0,6,0,0,0,0,0,0,0,14,0,0,0,work out regularly,3,1,0,0,4,0,0,0
273,1,1,4,1,1,2,1,7,1,2,0,Sticks,Chipotle,Ukrops,Chick-fi-A,Taco Bell,1,1,3,2,1,1,2,2,1,5,0,1,1,1,1,0,0,0,0,0,0,0,0,0,0,7,0,0,0,0,0,0,0,0,0,0,0,0,0,0,0,0,0,0,0,0,0,0,0,12,13,14,0,0,0,0,2,0,0,0,4,5,0,0
274,1,2,3,1,1,3,1,1,5,2,0,sticks,riverside lunch,tiptop,aqui mexico,beer run,1,2,2,1,2,1,2,2,1,3,0,2,4,3,2,0,0,0,0,0,0,0,0,0,0,7,Self Employed,0,0,0,0,0,0,0,0,0,0,0,0,0,0,0,0,0,7,0,0,0,0,0,0,0,0,0,0,0,1,0,0,0,0,0,0,0
275,1,2,3,2,1,1,4,1,3,1,0,Rapture,Rev soup,Panera,Sticks,Citizen burger,1,2,1,1,1,1,2,2,1,1,0,1,3,2,2,0,0,2,0,0,0,0,0,5,0,0,0,1,0,0,0,0,6,7,0,0,10,0,0,0,0,0,5,6,0,8,0,0,0,12,0,14,15,0,0,0,1,0,0,0,0,0,0,0
278,1,2,2,2,1,5,1,1,3,1,0,O'Charlie's,Dairy Bar,0,0,0,1,2,2,1,1,1,1,1,1,2,0,0,0,0,0,0,0,0,0,0,0,0,0,0,0,0,0,0,0,0,0,0,0,0,0,0,0,0,0,0,0,0,0,0,0,0,0,0,0,0,0,0,0,0,0,0,0,0,0,0,0,0,0,0
279,1,2,3,2,2,1,4,1,3,0,0,Applebees,McDo0lds,Wendy's,Chinese,Sticks,1,2,2,1,2,1,1,1,1,2,0,1,3,1,1,0,0,0,0,0,0,0,0,0,0,7,0,0,0,0,0,0,0,0,0,0,0,0,1,0,0,4,0,6,7,0,0,10,11,0,0,14,15,16,0,0,2,1,0,0,0,0,0,0
280,1,3,4,2,2,6,1,1,3,0,0,Chipotle,Boar's Head Cafe,Sticks,Bodo's,Duner's,1,1,1,1,1,1,2,1,1,3,0,1,3,2,2,2,0,0,0,0,0,0,0,0,6,0,0,0,0,0,0,5,0,0,8,9,10,Martial Arts,1,0,0,0,0,0,0,8,0,0,0,0,0,14,15,0,17,Gym,2,1,0,0,4,5,6,0
281,1,1,3,1,1,2,1,2,5,2,0,Basil,Tara Thai,0,0,0,1,2,1,2,1,1,2,2,1,3,0,1,1,1,1,0,0,0,0,0,0,0,0,0,0,7,Student,0,0,0,0,0,0,0,0,0,0,0,1,0,0,0,0,0,0,0,0,0,0,12,0,0,0,0,0,0,1,0,0,0,0,0,0,0
283,1,2,2,1,2,5,0,1,2,0,0,Kebobs,Starbucks,Chick fil a,outback,0,1,2,2,1,1,1,1,1,1,1,0,1,3,2,2,1,0,0,0,0,0,0,0,0,0,7,0,1,0,0,0,5,0,7,8,9,0,0,0,0,3,0,5,0,0,0,0,0,0,0,13,14,0,16,0,Crossfit,1,0,0,0,0,0,0,0
284,1,2,4,2,2,2,5,0,3,0,0,Bodos,Voccellis,Boylan heights,Mellow mushroom,Whole foods,1,0,0,0,0,0,0,0,0,0,0,0,0,0,0,0,0,0,0,0,0,0,0,0,0,0,0,0,0,0,0,0,0,0,0,0,0,0,0,0,0,0,0,0,0,0,0,0,0,0,0,0,0,0,0,0,0,0,0,0,0,0,0,0
285,1,1,3,2,1,5,0,0,3,1,0,Aztec,Wendys,Chilis,The Grille,McDo0lds,1,1,2,2,2,2,2,2,1,2,0,2,4,2,2,0,0,0,0,0,0,0,0,5,0,0,Retired,0,0,0,0,0,0,0,0,0,0,0,1,0,0,0,0,0,0,0,9,0,0,0,0,14,0,16,0,0,2,0,0,0,4,5,0,0
286,1,1,3,2,1,2,0,0,6,0,0,Westhampton pharmacy lunch counter,Sticks,Chipotle,Viet0m 1,0,1,2,2,2,2,1,2,2,2,2,0,1,3,3,2,0,0,0,0,0,0,0,0,0,0,7,0,0,0,0,0,0,0,0,0,0,0,0,1,0,0,0,0,0,0,8,0,0,0,0,13,14,0,16,0,0,1,0,0,0,0,0,0,0
287,1,2,1,1,1,1,6,1,3,1,0,Mexican,Thai 99,Sticks,bodos,chik fil a,1,2,2,2,1,1,2,0,1,3,0,1,1,1,2,0,0,0,0,1,0,0,0,0,0,0,0,0,0,0,0,0,0,0,0,0,0,0,1,0,0,0,0,6,0,0,0,0,0,0,0,14,15,16,0,0,2,0,0,3,4,0,0,0
288,1,3,2,2,2,3,4,3,3,0,0,Panera bread,Cracker barrel,Outback,Travinia Italian kitchen,Mcdo0lds,1,1,1,1,1,1,2,2,2,2,Looking for low carb options,1,3,2,2,0,0,1,Looking for low carb,0,0,0,0,0,0,7,Healthcare,0,0,0,0,0,6,0,0,0,0,0,0,0,0,0,0,0,0,0,0,0,0,0,0,14,0,0,0,"Gym, concerts",2,0,0,0,0,5,0,0
289,1,1,4,2,1,1,1,4,2,1,0,Chipotle,Sticks,Panera,Aromas,Feast,1,1,2,1,1,1,1,2,2,2,0,1,1,1,1,0,0,0,0,0,0,0,0,0,0,7,0,0,0,0,0,0,0,0,0,0,0,0,1,0,0,0,0,0,0,0,0,0,0,0,0,0,0,0,0,0,1,0,0,0,0,0,0,0
290,1,3,3,2,1,2,6,2,1,1,0,Chick fil a,Wild wings,Bodos,Christians,0,1,1,2,1,1,1,1,1,1,2,0,1,3,3,2,2,0,0,0,0,0,0,0,0,6,0,0,1,0,0,4,5,6,7,8,9,10,0,1,0,0,0,0,0,0,0,0,0,0,12,13,14,15,16,17,0,2,0,0,0,0,5,0,Attractions book
291,1,1,4,1,1,3,2,1,3,0,Two free work lunches,Wild wing cafe,Subway,Bodo's,Sticks,Zazu's,1,2,2,1,1,1,4,2,1,4,0,1,2,3,2,0,0,0,0,0,0,0,0,0,0,7,0,0,0,0,0,0,0,0,0,0,0,0,1,0,0,0,0,0,0,0,0,0,0,0,0,0,15,0,0,0,4,1,0,3,0,5,0,Attractions coupon book
292,1,1,4,3,3,1,3,1,4,1,0,sticks kebab shop,panera,starbucks,five guys,chipotle,1,1,2,1,1,1,2,1,1,2,0,1,3,2,1,0,0,0,0,0,0,0,0,0,0,7,0,0,0,0,0,0,0,0,0,0,0,0,0,0,0,0,0,6,0,8,0,0,11,12,13,14,0,16,0,0,1,0,0,0,0,0,0,0
293,1,1,2,1,2,0,0,5,0,0,0,maharaja,Now and Zen,Bodos,afgan kebab palace,mas,1,3,1,1,2,1,2,2,1,2,0,1,2,2,2,0,0,0,0,0,0,0,0,5,0,0,0,0,0,0,0,0,0,0,0,0,0,0,0,0,0,0,5,6,0,0,0,10,0,12,0,14,0,0,0,0,2,1,0,3,0,0,0,0
294,1,1,2,2,1,2,3,1,3,2,0,Qdoba,CiCi's,Panera,Uno's,0,2,0,0,0,0,0,0,0,0,0,0,1,3,1,1,0,0,0,0,0,0,0,4,0,0,0,Animal welfare,0,0,0,0,0,0,0,0,0,0,0,0,0,0,0,0,0,0,8,0,0,0,0,0,0,0,0,0,Cooking,2,1,0,0,4,5,0,0
295,1,2,2,2,1,1,3,1,2,2,0,Qdoba,Panera,Cici's Buffet,Unos,South of the Border,2,0,0,0,0,0,0,0,0,0,0,1,1,1,1,0,0,0,0,0,0,0,0,0,6,0,Animal Welfare,0,0,0,0,0,0,0,0,0,0,0,1,0,0,0,5,0,0,0,0,0,0,12,13,14,0,0,0,0,2,0,2,3,4,5,0,0
296,1,3,2,1,2,6,1,1,2,2,0,Sticks,Feast,Clementines,Speakeasy,Subway,1,1,1,1,1,1,2,2,2,3,0,1,2,2,2,1,1,0,0,0,0,0,0,0,0,7,0,0,0,0,0,0,0,0,8,9,0,0,0,0,0,0,0,0,0,0,0,0,0,0,0,14,0,16,17,0,2,1,2,3,4,5,0,0
298,1,2,2,3,1,6,4,1,1,1,0,Sub Way,Arbys,McDo0lds,Fire House Subs,Five Guys,1,1,2,1,2,1,2,2,1,2,0,2,3,3,2,0,0,0,0,0,0,0,0,0,0,7,Logistics Ma0gement Specialist,0,0,0,0,0,0,0,0,0,0,0,1,0,3,0,0,0,0,0,0,0,0,0,0,14,0,16,0,0,2,1,2,0,0,5,0,0
299,1,1,4,2,2,2,1,2,5,2,I work for dominoes.   Eat free za often,Mcdondalds,Wendys,Dominoes,Wing place,Chinese buffet place,2,0,0,0,0,0,0,0,0,0,0,0,0,0,0,0,0,0,0,0,0,0,0,0,0,0,0,0,0,0,0,0,0,0,0,0,0,0,0,0,0,0,0,0,0,0,0,0,0,0,0,0,0,0,0,0,0,0,0,0,0,0,0,0
300,1,1,3,2,1,7,1,1,1,1,0,ruby tuesdays,red robin,applebees,0,0,1,4,1,1,1,1,2,2,1,4,0,1,3,3,2,0,2,0,0,0,0,0,0,0,6,0,0,0,0,0,4,5,0,7,8,0,10,field hockey,0,0,3,0,5,6,0,0,0,0,0,0,0,14,15,16,0,exercise.,2,1,2,0,4,5,6,0
301,1,1,3,1,1,5,1,1,4,1,0,Peking (local buffet),Domino's pizza,Subway,Sticks,Plaza Azteca,1,2,3,1,2,1,2,2,2,2,0,1,3,3,2,0,2,0,0,0,0,0,0,0,6,0,0,0,0,0,4,5,0,0,0,0,0,0,0,0,0,0,0,0,0,0,0,0,0,0,0,0,0,0,0,0,4,0,2,3,4,5,6,"Tide Radio save program  note:  Valpak restaurant coupons are usually not worth much, Groupons are the best deals"
302,1,1,2,2,2,1,5,1,3,1,0,Chipotle,Take it Away,Panera,Sticks,Christian's,1,2,2,2,1,1,2,2,2,4,0,1,3,3,2,0,0,0,0,0,0,0,0,0,0,7,0,0,0,0,0,0,0,0,0,0,0,0,0,0,0,0,0,6,0,8,0,10,11,0,0,14,15,0,0,0,1,0,0,0,0,0,0,0
303,1,3,2,2,2,1,1,5,3,4,0,Wendys,Hardee's,Mcdo0lds,0,0,1,1,1,1,1,1,1,1,1,1,0,2,2,2,2,0,0,0,0,0,0,0,0,0,0,7,0,0,0,0,0,0,0,0,0,0,0,0,0,0,0,0,5,0,0,0,0,0,0,0,0,14,0,0,0,0,1,0,0,0,0,0,0,0
305,1,2,4,2,1,1,1,1,6,2,0,Everyday cafe - Liberty,Mcdo0lds,Wendys,Arbys,Burger King,1,1,1,1,1,1,1,1,1,1,0,1,2,2,2,2,0,0,0,0,0,0,0,0,0,7,Insurance Adjuster,0,0,0,0,0,0,0,0,0,0,none,0,0,0,0,0,0,0,0,0,0,0,0,0,14,0,0,0,0,3,0,0,0,0,0,6,0
306,1,2,3,3,1,1,1,2,4,2,0,Everyday Cafe,Christians,Sticks,McDo0lds,Wendys,1,1,3,1,4,1,2,2,2,4,0,1,2,1,2,1,0,0,0,0,0,0,0,0,6,0,Insurance professio0l,0,2,0,0,0,0,0,0,0,10,0,0,0,0,0,0,0,0,0,0,0,0,0,0,0,15,0,17,0,2,0,0,0,0,5,6,0
307,1,2,2,2,2,3,3,1,3,1,0,Sticks,Chinese,Vinnys,Outback,0,1,1,1,2,1,1,1,1,1,1,0,1,2,1,2,0,0,0,0,0,0,0,0,0,0,7,RN,0,0,0,0,0,0,0,0,0,0,0,0,0,0,0,0,0,0,0,0,0,0,0,0,0,0,0,0,0,2,1,0,0,4,5,0,0
308,1,3,3,1,1,5,1,4,3,1,0,Sticks,Ace BBQ,Vita Nova,Red Lantern,Jade Garden,1,1,1,1,1,1,1,1,1,1,0,1,2,1,1,0,0,0,0,0,0,0,0,0,0,7,0,0,0,0,0,0,0,0,0,0,0,0,0,0,0,0,0,0,0,0,0,0,0,0,0,0,0,0,0,0,2,1,2,3,0,5,0,0
309,1,2,3,2,1,3,1,1,4,3,0,TAVERN ON THE JAMES,AMICIS,STICKS,CHICK FILET,0,1,1,1,1,1,1,1,1,1,2,0,1,3,1,2,0,0,0,0,0,0,0,0,0,6,0,0,0,0,0,0,0,0,0,0,0,0,0,1,0,0,0,0,6,0,8,0,10,0,0,0,14,0,0,0,0,1,0,0,0,0,0,0,0
310,1,2,3,2,2,4,2,0,3,2,0,Bodo's,Sticks,Aria0's,0,0,1,1,1,1,1,1,1,2,1,2,0,2,3,2,2,2,0,0,0,0,0,0,0,0,0,7,0,0,2,3,0,0,6,7,0,0,10,0,1,2,0,4,5,6,0,0,0,10,0,0,13,14,15,0,17,0,2,1,2,3,4,5,6,0
311,1,2,3,2,2,2,1,1,4,2,0,Carving board,Kyoto,Chick-Fil-A,Sticks,Wendy's,1,1,2,2,1,1,2,2,1,3,0,1,3,2,2,0,0,0,0,0,0,0,0,0,0,7,Registered Nurse,0,0,0,0,0,0,0,0,0,0,0,1,0,0,0,0,0,0,0,0,0,0,0,0,14,0,0,0,"art and theatre, ballroom dancing",1,0,0,0,0,0,0,0
312,1,2,2,2,2,3,4,1,2,2,0,Sticks,College Inn,Basil,Lemongrass,0,1,1,1,1,1,1,2,3,1,2,0,1,2,1,2,0,0,0,0,0,0,0,0,0,6,0,Sales,0,0,0,0,0,0,0,0,0,0,0,0,0,0,0,0,0,0,0,0,0,0,0,0,0,0,0,0,0,2,0,0,0,4,0,0,0
313,1,2,1,1,1,1,2,1,4,0,0,sticks,subway,0,0,0,1,1,1,1,2,1,1,1,1,3,0,1,3,2,1,0,0,0,0,0,0,0,0,0,0,7,0,0,0,0,0,0,0,0,0,0,0,0,0,0,0,0,0,0,0,0,0,0,0,0,0,0,0,0,0,walking,1,0,0,0,0,0,0,0
314,1,3,4,2,3,0,6,0,0,0,0,Chipotle,Sticks,Osaka Sushi,Plaza Azteca,Superstars,1,1,1,1,1,1,1,1,1,1,0,1,2,3,2,0,0,0,0,0,0,0,0,0,0,7,Nurse,0,0,0,0,0,0,0,0,0,0,0,1,2,3,0,5,0,0,0,0,0,11,0,0,14,15,16,0,0,1,0,0,0,0,0,0,0
315,1,1,3,1,2,4,2,1,2,2,0,Kyung Sung,Center Street Grille,The Cove,Chik Fil A,bUFFALO wILD wINGS,2,0,0,0,0,0,0,0,0,0,0,1,2,1,2,2,0,0,0,0,0,0,0,0,6,0,0,1,0,0,0,0,0,7,8,9,10,0,0,0,0,0,0,0,0,8,9,10,11,0,13,14,15,16,17,0,2,1,2,3,4,5,0,0
316,1,2,1,2,2,2,1,1,5,1,0,Chipole,Quordoba,Sticks,Chick fillet,Panera,1,1,2,4,4,1,2,2,2,3,0,1,3,3,2,0,U,2,0,0,0,0,0,5,0,0,Counselor,0,0,0,0,0,0,0,0,0,0,0,0,0,0,0,0,6,0,0,0,10,0,0,0,14,15,16,0,0,3,0,0,3,0,0,0,0
317,1,1,4,2,1,3,5,0,2,1,0,Blue Moon Diner,Downtown Thai,Revolutio0ry Soup,Shebeen,Aria0 Kebob,1,1,3,3,3,1,2,3,2,1,"Organic meats, local produce",1,2,2,2,1,0,0,0,0,0,0,4,0,0,0,0,0,0,0,0,0,0,0,0,0,0,too young,1,0,3,0,0,0,0,8,0,10,0,12,0,14,15,0,17,Soccer,1,0,0,0,0,0,0,0
318,1,2,3,2,1,2,2,1,4,0,0,Jasons Deli,Wendys,Panera,Sticks,Guadalajara,1,1,1,1,1,1,1,2,2,3,0,1,2,2,2,2,1,0,0,1,0,0,0,0,0,0,0,0,0,0,0,0,0,0,0,0,0,Competition Cheerleading,0,0,0,0,5,0,0,0,0,0,0,0,0,0,0,0,17,0,1,0,0,0,0,0,0,0
319,1,2,4,2,4,1,6,1,1,1,0,Chipotle,Chick Fil A,Sticks,Taqueria Poblano,0,1,2,3,2,1,1,2,2,1,3,0,1,2,2,1,0,0,0,0,0,0,0,0,0,0,7,0,0,0,0,0,0,0,0,0,0,0,0,1,0,0,0,0,6,0,0,0,0,0,0,0,0,0,16,0,0,2,1,2,3,4,5,0,0
320,1,1,3,2,1,1,1,2,5,1,0,Sticks,Feast,Paneras,Aromas,UVA Cafeteria,1,1,2,1,1,1,2,2,2,2,coupons available for returning customers,1,3,2,2,2,1,1,0,0,0,0,0,5,0,0,physician,1,2,3,4,0,6,0,8,0,10,"squash, gym0stics, band,robotics",0,0,0,0,5,0,0,0,0,0,0,0,0,0,0,0,17,0,3,1,0,0,4,5,0,UVA phone book
321,1,1,1,2,2,2,4,1,3,2,0,Sticks,Wendys,Henrys,Home,Home,1,2,3,2,3,1,2,3,2,3,0,1,3,2,2,0,1,4,0,1,0,0,0,0,0,0,Systems Administrator,0,0,0,0,0,0,0,0,0,0,None,0,0,3,0,0,0,0,8,0,0,0,0,0,0,0,0,0,Horseback Riding,2,1,0,0,0,5,6,0
322,1,2,4,2,2,3,4,1,2,1,0,panera,chipotle,chick fil a,0,0,1,2,2,1,1,1,2,2,1,2,0,1,3,2,2,0,0,0,0,0,0,0,0,0,0,7,0,0,0,0,4,0,0,0,0,0,0,0,1,0,0,0,5,0,0,8,0,0,0,12,0,0,0,0,17,0,3,1,2,0,4,5,0,0
323,1,1,4,2,2,5,1,1,2,1,0,at home,The Cook Out,Busch Gardens,Sticks,DOG Street Pub,1,1,2,1,1,1,1,1,1,2,0,2,2,1,2,0,0,0,0,0,0,0,0,5,0,0,Museum Work,0,0,0,0,0,0,0,0,0,0,0,1,0,0,0,0,6,0,0,9,10,11,0,0,0,0,16,0,0,1,0,0,0,0,0,0,0
324,1,3,4,2,2,4,2,1,3,2,0,Zazus,Sticks,Outback,Guadalajara,Plaza Azteca,1,1,1,1,1,1,2,2,2,2,0,2,2,2,1,0,0,0,0,0,0,0,0,0,0,7,IT,0,0,0,0,0,0,0,0,0,0,0,0,0,0,0,5,6,0,0,0,0,0,0,0,14,0,16,0,Soccer,2,1,0,3,4,5,6,0
325,1,1,2,2,2,1,6,1,2,1,0,mcdo0lds,chick fillet,taco bell cobbs,dominos,sticks,1,1,1,1,1,1,1,1,1,1,0,1,2,1,2,1,1,0,0,0,0,0,0,0,0,7,medical field,0,2,0,0,0,6,0,8,0,10,baseball,0,0,3,0,0,6,0,0,0,0,0,0,0,0,15,0,17,"crafts, gym",2,1,2,3,4,5,6,coupon books
326,1,1,4,2,2,2,1,1,5,1,0,arbys,chik fila,wendys,mcdo0lds,sticks,1,3,2,2,2,1,2,2,2,2,0,2,3,1,1,0,1,2,0,0,0,0,0,0,0,7,sales,0,0,0,0,0,0,0,0,0,0,0,0,0,0,0,0,0,7,0,0,0,0,0,0,14,0,16,0,0,2,1,2,3,0,5,0,0
327,1,1,4,2,1,1,0,5,2,3,0,Tropical Smoothie,Sticks,Pita Pit,Applebee's,0,1,1,1,1,1,1,1,1,1,5,0,1,1,1,1,0,0,0,0,0,0,0,0,0,6,0,Student,0,0,0,0,0,0,0,0,0,0,0,0,0,3,0,0,0,0,0,0,0,0,0,0,14,0,16,0,0,1,0,0,0,0,0,0,0
328,1,1,2,2,2,2,1,4,3,1,0,Sticks,Cookout,Bellair Market,Panera,Chipotle,1,2,2,2,2,1,2,2,2,2,0,1,2,2,1,0,0,0,0,0,0,0,0,5,0,0,0,0,0,0,0,0,0,0,0,0,0,0,1,0,0,0,0,0,0,0,0,0,11,12,0,14,0,16,0,0,1,0,0,0,0,0,0,0
329,1,2,4,2,2,2,5,3,0,0,0,Panera,Sticks,Noodles & Company,Hondos,Burgerworks,1,1,2,1,2,1,2,2,1,3,0,1,2,2,1,0,0,0,0,0,0,0,4,0,0,0,0,0,0,0,0,0,0,0,0,0,0,0,0,2,0,0,5,6,0,0,0,0,11,0,0,14,0,0,0,0,3,1,2,0,4,5,0,0
330,1,2,3,2,2,1,6,1,1,1,0,Outback,Jason's Deli,Mexican,Sticks,Melting Pot,1,1,1,1,1,1,1,1,1,3,0,1,2,3,2,0,0,0,0,0,0,0,0,0,0,7,0,0,0,0,0,0,0,0,0,0,0,0,0,0,0,0,5,0,0,0,0,0,0,12,0,14,0,0,0,0,2,1,0,3,0,5,0,0
331,1,1,4,2,2,1,1,1,6,0,0,Wendy's,Tubby's,McDo0lds,Sticks,East Garden,1,1,2,1,2,1,1,2,1,2,0,1,3,3,2,0,0,1,0,0,0,0,0,5,0,0,0,0,0,0,0,0,6,0,8,0,10,0,0,0,0,0,0,0,0,0,0,0,0,0,0,14,15,0,17,0,1,0,0,0,0,0,0,0
332,1,2,2,3,2,3,2,1,6,1,0,Chipotle,Sticks,Noodles and co,Wendy's,Burger king,1,1,2,1,1,1,2,2,2,2,0,1,2,3,2,Two,0,0,0,0,0,0,0,0,6,0,0,1,0,0,0,0,0,0,0,0,0,0,0,0,0,0,5,0,0,0,0,0,0,12,0,14,0,0,0,0,4,0,2,3,0,5,0,0
333,1,1,3,2,2,1,1,1,6,1,0,Shadwells,Applebees,Tubbys,Sticks,Outback,1,1,1,1,1,1,1,1,1,1,0,1,3,2,2,0,0,0,0,0,0,0,0,0,0,7,0,0,0,0,0,0,0,0,0,0,0,0,0,0,0,0,0,0,0,0,0,0,0,0,0,0,0,0,0,0,2,1,2,3,0,5,0,0
334,1,2,3,2,1,6,1,1,3,0,0,MacDo0lds,Seltzers Steak House,0,0,0,1,1,1,2,2,1,2,2,2,3,0,2,4,1,2,0,0,0,0,0,0,0,0,0,0,7,0,0,0,0,0,0,0,0,0,0,0,N/A,0,0,0,0,0,0,0,0,9,0,11,0,0,0,0,0,0,0,1,0,0,0,0,0,0,0
335,1,2,4,1,1,5,6,1,3,1,0,Fire House Subs,Sub Way,Noodles,Panera,"Red, Hot and Blue",1,1,2,1,2,0,1,2,1,2,0,1,3,3,2,0,0,0,0,0,0,0,0,5,0,0,0,0,0,0,0,0,0,0,0,0,0,0,1,0,0,0,0,6,0,8,0,0,0,0,0,14,0,16,17,0,2,1,0,0,4,5,0,0
336,1,1,4,1,2,4,1,4,2,1,0,Sticks,guadelahara,Thai 99,Fry Springs Station,C&O,1,2,2,1,1,1,2,2,1,2,0,1,2,1,2,0,0,0,0,0,0,0,0,5,0,0,nurse,0,0,0,0,0,0,0,0,0,0,0,0,0,3,0,5,6,0,8,0,10,0,0,0,14,15,16,0,0,1,0,0,0,0,0,0,0
337,1,3,4,2,2,4,3,1,3,1,0,Sticks,Bodos,Panera,Subway,brixx,1,1,3,2,1,1,2,2,1,2,0,1,3,3,2,0,0,0,0,0,0,0,0,0,6,0,registered nurse,0,0,0,0,0,0,0,0,0,0,0,1,0,0,0,0,6,0,0,0,0,0,12,0,0,0,16,0,0,1,0,0,0,0,0,0,0
338,1,2,2,1,2,1,1,1,6,1,0,panera bread,jersey mike's,moe's,chick fil-a,five guys,1,1,2,2,2,1,1,2,1,2,0,2,3,3,2,0,0,0,0,0,0,0,0,0,0,7,0,0,0,0,0,0,0,0,0,0,0,0,0,0,0,0,0,0,0,0,0,0,0,0,0,14,15,0,0,0,2,0,0,0,0,5,0,0
339,1,3,4,2,2,3,1,1,5,2,0,Ruby Tuesday,Whole Foods,Sticks,Panera,Aromas,1,1,2,2,3,2,3,4,2,2,0,1,4,3,2,0,0,0,0,0,0,0,4,0,0,0,retired,0,0,0,0,0,0,0,0,0,0,no children,1,0,0,0,0,0,0,0,0,0,0,12,13,14,15,0,0,0,2,0,0,0,4,5,0,0
340,1,1,4,2,1,6,1,1,3,1,0,MacDo0lds,Dunkin Donuts,0,0,0,1,1,2,2,2,2,1,2,2,2,0,2,4,1,2,0,0,0,0,0,0,0,0,0,0,7,0,0,0,0,0,0,0,0,0,0,0,N/A,0,0,0,0,0,0,0,0,9,0,11,0,0,14,0,0,0,0,1,0,0,0,0,0,0,0
341,1,1,4,1,1,3,2,1,3,0,0,Citizen,Mekong,Comfort,37469,Mamma 'Zu,1,2,3,3,2,1,2,2,1,2,0,1,3,3,2,0,0,0,0,0,0,0,0,0,0,7,0,0,0,0,0,0,0,0,0,0,0,0,1,0,0,0,0,0,0,8,0,0,0,0,13,14,0,16,0,0,2,1,0,0,4,5,0,0
342,1,1,3,2,1,7,1,1,1,1,0,Sticks,Subway,Ruby Tuesday,Carrabas,Victoria's,1,2,2,1,1,1,1,1,1,2,0,1,4,2,2,0,0,0,0,0,0,0,0,5,0,0,retired,0,0,0,0,0,0,0,0,0,0,0,1,0,0,0,0,6,0,0,0,0,0,0,0,14,0,16,0,0,1,0,0,0,0,0,0,0
343,1,1,4,2,2,7,1,1,2,1,0,Moe's,Chicfila,Sticks,0,0,1,1,1,1,1,1,1,1,1,1,0,1,2,2,1,1,1,0,0,0,0,0,0,0,0,7,Fi0ncial Director,0,0,0,0,0,0,0,8,9,0,Baseball,0,0,0,0,5,0,0,0,0,0,0,0,0,0,0,16,17,0,4,1,0,0,4,5,0,0
344,1,1,4,2,2,7,1,1,1,1,0,"Isaac's Deli & Restaurant (just moved to VA, this is a PA chain)",Panera Bread,Rice & Noodles (Viet0mese),Maharaja Indian,Sticks Kebob Shop Pantops,1,2,3,1,1,1,1,2,1,3,0,1,2,2,2,0,0,0,0,0,0,0,0,0,6,0,0,0,0,0,0,0,0,0,0,0,0,0,0,0,0,0,0,6,0,8,0,0,11,12,0,14,0,0,0,cooking,2,1,2,3,4,5,0,0
345,1,2,4,2,2,4,1,1,2,1,0,Panera,Chick Fil A,Moe's,Champps,Toast,1,2,2,1,2,1,2,2,1,2,0,1,3,3,2,1,0,0,0,0,0,0,0,0,0,7,0,1,0,3,0,5,0,0,8,9,10,"Gym0stics, Basketball",1,2,3,0,5,0,7,0,0,0,11,0,13,14,15,16,17,0,3,1,0,3,4,5,0,0
346,1,2,3,2,3,4,1,2,2,1,0,Panera,Chick Fil A,Champps,Moe's,Toast,1,2,2,1,1,1,2,2,1,2,0,1,3,3,2,1,0,0,0,0,0,0,0,0,0,7,0,1,0,3,0,5,0,0,8,9,10,"Gym0stics, basketball",1,2,3,0,5,0,7,0,0,0,11,0,13,14,15,16,17,0,3,1,0,3,4,5,0,0
347,1,1,4,4,1,1,5,1,2,1,0,Mediterreaneo,Plaza Azteca,Jason's Deli,Chipotle,Sticks,1,1,2,2,2,1,2,2,1,2,0,1,2,2,2,1,0,0,0,0,0,0,0,0,0,7,Scientist,1,0,0,0,0,0,0,0,9,0,0,0,0,0,0,0,0,0,0,0,0,0,0,13,0,0,16,17,0,2,1,2,3,0,5,0,0
348,1,2,4,2,1,3,4,1,3,1,0,Chipotle,Sticks,Panera,A food truck,Arbys,1,1,2,1,3,1,2,2,1,3,0,1,1,1,2,0,0,0,0,0,0,0,0,0,0,7,0,0,0,0,0,0,0,0,0,0,0,0,1,0,0,0,5,0,0,0,0,0,0,0,0,14,0,0,0,0,2,0,0,3,0,0,0,0
349,1,2,4,2,2,3,5,1,2,1,0,Chipotle,Panera,Sticks,Sticky Rice,37469,1,1,4,1,1,1,5,5,4,5,0,1,2,2,2,0,0,0,0,0,0,0,0,0,0,7,Scientist,0,0,0,0,0,0,0,0,0,0,0,1,0,0,0,5,0,0,0,0,0,0,0,0,14,15,16,0,0,4,0,2,3,4,5,0,0
350,1,1,1,1,1,7,1,1,1,1,0,Sticks,Tip Top,West Main,Bonefish Grill,0,1,1,0,1,0,1,1,1,1,1,0,2,4,2,2,0,0,0,0,0,0,0,0,5,0,0,0,0,0,0,0,0,0,0,0,0,0,0,1,0,0,0,0,0,0,0,0,0,0,0,0,0,0,0,0,excercise,1,0,0,0,0,0,0,0
351,1,2,2,2,1,2,4,1,4,1,0,Raising canes,Popeyes,Sticks,Pizza Hut,0,1,3,2,1,2,1,1,1,1,3,0,1,3,2,1,0,0,1,0,0,0,0,0,0,0,7,0,0,0,0,0,0,0,0,0,0,0,0,0,0,0,0,0,0,0,8,0,0,0,0,0,14,0,0,0,Women ministry,5,1,0,0,0,5,6,0
352,1,1,2,1,2,2,6,2,3,1,0,Sticks,royal indian,mas,equi es mexico,wendys,1,1,1,1,1,1,2,1,1,2,0,1,2,1,1,0,0,0,0,0,0,0,0,5,0,0,0,1,0,0,0,0,0,0,0,0,0,0,0,0,0,0,5,0,0,0,0,0,0,0,0,0,0,0,0,0,1,0,0,0,0,0,0,0
353,1,2,2,2,2,6,2,1,2,1,0,Sticks,Archs,Subway,Whole Foods (cafe/salad bar),Panera,1,2,3,2,1,1,2,2,2,3,0,1,1,1,1,0,0,0,0,0,0,0,0,5,0,0,Graduate Student,0,0,0,0,0,0,0,0,0,0,0,0,0,0,0,5,6,0,0,0,0,0,0,0,14,15,16,0,0,3,0,0,3,0,5,0,0
354,1,1,4,2,1,1,6,1,1,1,0,Panera,Five Guys,Taco Bell,Jason's Deli,Bonefish,1,1,1,1,1,1,1,1,1,1,0,1,1,1,3,0,1,0,0,0,0,3,0,0,0,0,Nurse,0,0,3,0,0,6,0,0,0,0,Cross Country,1,0,0,0,0,6,0,0,0,0,0,12,0,14,0,0,17,0,1,0,0,0,0,0,0,0
355,1,1,4,2,1,1,1,1,7,1,0,chickfila,subway,0,0,0,1,2,2,2,2,2,2,2,2,3,0,1,3,2,1,0,0,0,0,0,0,0,0,0,6,0,0,0,0,0,0,0,0,0,0,0,0,0,0,2,0,0,5,0,0,8,9,0,0,0,0,14,0,0,0,0,2,1,2,3,4,5,6,0
356,1,3,4,2,1,7,1,1,2,1,0,Mauritzio's,Sticks,LaTolteca,Plaza Azteca,Guiseppis,1,1,1,1,1,1,1,2,1,2,0,1,3,2,2,0,0,0,0,0,0,0,0,5,0,0,retired,0,0,0,0,0,0,0,0,0,0,0,1,0,0,0,0,0,0,8,9,0,11,0,0,14,0,16,17,0,2,1,0,0,4,5,6,0
357,1,2,3,3,2,5,1,1,3,1,0,Chipolte,Sticks,Christians,0,0,1,1,2,1,1,1,2,2,1,2,0,1,2,3,2,2,0,0,0,0,0,0,0,0,6,0,0,1,0,0,0,5,0,7,0,0,0,0,0,0,0,0,5,0,0,0,0,0,11,0,0,0,0,0,0,0,2,1,0,0,0,5,0,0
359,1,1,4,1,1,2,1,1,3,3,0,Martins,Chic. Fila,BBQ,Home,N/a,2,0,0,0,0,0,0,0,0,0,0,1,1,2,3,0,1,3,0,0,0,0,0,0,0,7,Stylist,0,0,0,0,0,0,0,0,0,10,0,0,0,0,0,0,0,0,0,0,0,0,0,0,14,0,0,0,0,1,0,0,0,0,0,0,0
360,1,2,2,1,1,1,1,1,3,4,0,Mcdo0lds,Cracker Barrel,Burger King,Taco Bell,Costco,1,1,1,1,1,1,2,2,1,3,0,1,3,2,2,2,1,2,0,1,0,0,0,0,0,0,0,0,0,0,0,0,0,0,0,0,0,Hockey,0,0,0,0,0,6,0,0,0,0,0,0,0,0,0,0,17,0,2,1,0,3,4,5,6,0
361,1,2,4,1,1,1,2,1,5,0,0,Sticks Kebob Shop,Christians Pizza,Wendy's,Bodo's,Taco Bell,1,1,1,1,1,1,1,1,1,1,0,1,3,1,1,0,0,0,0,0,0,0,0,0,0,7,0,0,0,0,0,0,0,0,0,0,0,0,0,0,0,0,0,6,0,8,0,0,0,0,0,14,0,16,0,reading mysteries,2,1,0,3,0,5,0,Attractions Book
362,1,3,2,1,2,4,1,1,1,5,0,boylan,toros tacos,mellow mushroon,sushi love,crozet pizza,2,0,0,0,0,0,0,0,0,0,0,1,1,1,1,0,0,0,0,0,0,0,0,5,0,0,0,0,0,0,0,0,0,0,0,0,0,0,0,0,0,0,0,0,0,0,0,0,0,0,0,0,0,0,0,0,2,0,2,3,4,5,0,0
363,1,2,2,2,2,0,4,2,3,1,0,Chipotle,UVa's Fine Arts Cafe,Other UVa Dining,Stix,0,1,2,2,2,2,1,1,2,1,1,Organic or local meat/produce,1,2,1,1,0,0,0,0,0,0,0,0,5,0,0,Health Educator,0,0,0,0,0,0,0,0,0,0,no children,0,0,0,0,0,0,0,0,0,0,0,0,0,0,0,0,0,"Working out, couponing",1,0,0,0,0,0,0,0
364,1,1,2,1,1,6,0,3,0,0,0,Lemongrass,Little Johns,Bodos,Rev Soup,Panera,2,0,0,0,0,0,0,0,0,0,0,1,1,2,2,0,0,2 (My brother and I live with our parents),0,0,0,0,0,0,0,7,Student,0,0,0,0,0,0,0,0,0,0,0,1,0,0,0,5,0,0,0,0,0,0,12,0,14,0,0,0,0,1,0,0,0,0,0,0,0
365,1,1,1,1,1,6,1,1,3,1,0,little johns,bodos,christians,take it away,lemongrass,2,0,0,0,0,0,0,0,0,0,0,1,1,1,3,0,0,0,0,0,0,0,0,5,0,0,student,0,0,0,0,0,0,0,0,0,0,0,1,0,0,4,5,6,0,0,0,0,0,12,0,0,0,0,0,0,1,0,0,0,0,0,0,0
366,1,2,3,2,3,4,4,3,3,2,0,Bodo's,Cookout,Stick's,Belmont BBQ,Panera,1,2,1,1,1,1,1,1,2,2,0,1,1,1,1,0,0,0,0,0,0,0,0,5,0,0,student,0,0,0,0,0,0,0,0,0,0,0,1,2,0,4,5,0,0,0,0,0,11,12,0,14,0,16,0,0,2,0,2,3,4,0,0,0
367,1,2,2,2,2,7,1,1,1,3,0,Rev Soup,Boylan,Trinity,Starbucks,Panera,1,1,1,1,1,1,1,1,1,0,0,1,1,3,1,0,0,0,0,0,0,0,0,0,0,7,student,0,0,0,4,0,0,0,0,0,0,0,1,0,0,0,5,0,0,0,0,0,11,12,0,14,0,0,0,0,2,0,0,3,0,0,0,0
368,1,2,4,2,1,1,1,2,5,3,0,Taco Bell,ChikFilA,McDo0ld's,Stick's,Arby's,1,2,3,1,2,1,3,3,2,3,0,1,2,1,1,0,0,0,0,0,0,0,0,0,0,7,0,0,0,0,0,0,0,0,0,0,0,0,0,0,0,0,5,0,0,0,0,10,0,0,0,14,0,0,0,0,2,1,0,3,4,5,0,0
369,1,2,3,3,3,1,2,2,2,1,0,El vaquero west,Dogwood,Sticks,Riverside,Zazus,1,1,1,1,1,1,1,3,1,2,0,1,2,2,2,0,0,0,0,0,0,0,0,0,0,7,0,0,0,0,0,0,0,0,0,0,0,0,0,0,0,0,0,0,0,8,0,0,0,0,0,14,15,0,0,0,2,1,2,3,4,5,0,0
370,1,3,2,2,2,0,3,0,4,0,0,Panera,Qdoba,Chick-fil-a,McDo0lds,0,1,1,3,1,2,1,2,2,2,2,0,2,3,3,2,1,1,0,0,1,0,0,0,0,0,0,0,1,0,0,0,5,0,0,0,0,10,0,1,0,0,0,0,0,0,0,0,0,0,0,0,0,15,0,17,0,4,1,0,3,0,5,0,0
371,1,2,3,2,2,2,5,1,2,1,0,Rico's,tazikis,Panera,Chick-Fil-A,Chipotle,1,2,2,2,2,1,3,2,2,4,0,1,2,3,2,0,0,2,0,0,0,0,0,0,0,7,0,0,0,0,0,0,0,0,0,0,0,0,0,0,0,0,0,0,0,0,0,0,0,0,0,14,0,0,0,0,1,0,0,0,0,0,0,0
372,1,1,4,2,2,2,1,2,5,2,0,Subway,Burger King,McDo0lds,Chickfila,Sticks,1,1,2,1,2,2,1,2,2,2,0,2,2,1,2,4,0,0,0,0,0,0,0,0,0,7,0,0,0,0,0,0,0,0,8,9,10,Baseball,1,0,0,0,0,0,0,0,0,10,0,0,0,0,15,0,17,0,2,1,2,0,4,5,0,0
373,1,1,4,1,1,5,1,1,0,4,0,Starbucks,Aromas,Qdoba,Sticks,Cheese Shop,1,2,2,1,2,1,2,2,1,2,0,1,2,1,1,0,0,0,0,0,0,0,0,5,0,0,0,0,0,0,0,0,0,0,0,0,0,0,0,0,0,0,0,0,0,0,0,0,0,0,0,0,0,0,0,0,2,0,0,0,4,5,0,0
374,1,2,2,2,2,1,2,2,2,5,0,Panera,Sticks,Chipotle,Chick fil A,0,1,1,2,1,1,1,1,1,1,1,0,1,2,2,1,0,0,0,0,0,0,0,0,0,0,7,0,0,0,0,0,0,0,0,0,0,0,0,0,0,0,0,0,0,0,0,0,0,0,0,0,0,0,0,0,0,1,0,0,0,0,0,0,0
375,1,2,3,2,2,4,4,1,1,2,0,Eppies,Royal Indian,Sticks,Bodos,Maharaja,1,1,1,1,1,1,2,1,1,1,0,1,3,3,2,0,0,0,0,0,0,0,0,5,0,0,0,0,0,0,0,0,0,0,0,0,0,0,1,0,0,0,0,6,0,8,0,0,0,12,0,14,0,16,0,0,3,1,2,0,0,5,0,0
376,1,1,4,1,1,1,4,1,3,3,0,The Market,Sedo0,Noodles & Company,Foods of all 0tions,Sticks,1,2,2,2,1,1,2,2,2,2,0,1,2,2,1,0,0,0,0,0,0,0,0,0,0,7,Retail Ma0ger,0,0,0,0,0,0,0,0,0,10,0,1,0,0,0,0,0,0,0,0,0,0,0,0,0,15,0,0,0,4,1,2,3,4,5,6,0
377,1,1,2,1,1,5,5,1,3,1,0,Which wich,Panera,Jason's Deli,Sticks,0,1,3,2,3,1,1,2,2,2,3,0,1,2,1,2,0,0,0,0,0,0,0,0,0,0,7,0,0,0,0,0,0,0,0,0,0,0,0,0,0,0,0,0,6,0,0,0,10,11,12,0,14,0,16,0,0,2,1,2,3,0,5,0,0
378,1,2,2,1,1,2,4,1,4,1,0,Chipotle,Food for Thought,Panera,0,0,1,2,2,3,1,1,2,2,1,2,0,1,2,3,2,3,0,0,0,0,0,0,0,0,0,7,Psychologist,1,0,0,0,0,0,0,8,9,10,"Softball, basketball, gym0stics",1,0,0,0,0,0,0,0,0,10,11,0,0,0,15,16,17,0,2,0,2,0,4,5,0,0
379,1,2,3,2,2,5,2,1,3,0,0,Lord Hardwicks,Riverside,The Nook,Eppies,Papa Johns,1,2,1,2,1,2,2,3,2,2,0,1,3,2,2,0,0,0,0,0,0,0,4,0,0,0,0,0,0,0,0,0,0,0,0,0,0,0,1,0,0,0,5,0,0,0,0,0,11,0,0,14,0,0,0,0,2,1,0,3,4,5,0,0
381,1,1,4,1,1,2,3,2,2,1,0,noodles,sticks,chilis,ruby tuesday,panera bread,1,1,2,1,1,1,2,2,1,2,0,1,2,1,1,0,0,0,0,0,0,0,0,5,0,0,0,0,0,0,0,0,0,0,0,0,0,0,0,0,0,0,0,6,0,0,9,0,11,12,0,14,15,16,0,0,3,1,2,3,4,5,0,0
382,1,3,2,4,3,5,1,1,2,1,0,Guadalajara,Chipotle,Beer Run,Papa Johns,Blue Mtn Brewery,1,0,0,0,0,0,0,0,0,0,0,0,0,0,0,0,0,0,0,0,0,0,0,0,0,0,0,0,0,0,0,0,0,0,0,0,0,0,0,0,0,0,0,0,0,0,0,0,0,0,0,0,0,0,0,0,0,0,0,0,0,0,0,0
383,1,1,3,2,1,4,4,1,5,1,0,Arbys,STICKS,five guys,noodles,jason deli,1,2,2,1,1,1,1,2,1,2,0,2,2,2,2,2,0,0,0,0,0,0,0,0,0,7,0,0,0,0,0,5,0,0,8,9,10,0,1,0,0,0,0,0,0,0,9,0,0,0,0,14,15,16,17,0,4,0,0,0,4,5,0,0
384,1,2,3,2,2,3,1,1,5,2,0,Sticks,Mykonos Cafe,Lord Hardwick's,Logan's Roadhouse (Waynesboro),Otto's (Crozet),1,2,2,2,3,1,2,2,1,4,0,2,3,2,2,0,0,0,0,0,0,0,0,0,0,7,Arts ma0gement/production,0,0,0,0,0,0,0,0,0,0,0,1,0,3,0,0,0,0,0,0,0,0,0,0,14,0,0,0,0,1,0,0,0,0,0,0,0
385,1,2,3,2,2,1,4,1,3,1,0,Sticks,Outback,Timberwood,0,0,1,1,1,1,1,1,1,1,1,2,0,1,2,3,2,0,0,0,0,0,0,0,0,0,0,7,IT Programmer A0lyst,0,0,0,0,0,0,0,0,0,0,no children,1,0,0,0,5,6,0,8,0,0,0,12,0,14,0,16,0,0,1,0,0,0,0,0,0,0
386,1,3,2,2,1,6,1,1,2,2,0,Hibachi Grill,Milan,Royal Indian,Zazu,Christian's,1,2,2,1,2,1,2,3,1,3,0,2,3,1,1,0,0,0,0,0,0,0,0,0,0,7,0,0,0,0,0,0,0,0,0,0,0,0,0,2,3,4,5,6,7,0,9,0,11,0,0,14,15,16,0,0,2,0,2,3,0,5,6,0
387,1,1,4,2,1,5,1,1,2,1,0,Pizza Hut,Christian's Pizza,Which Wich,Bel Air Market,Bang!,1,2,1,1,2,1,1,3,2,3,0,2,2,2,2,0,0,0,0,0,0,0,0,0,0,7,0,0,0,0,0,0,0,0,0,0,0,0,1,0,0,4,5,6,0,0,0,0,11,0,0,14,0,16,0,0,1,0,0,0,0,0,0,0
388,1,2,3,2,2,3,6,1,1,1,0,Richardson Cafe (Local Restaurant),Starbucks,Panera Bread,Sticks,Grecian Plate,1,2,1,1,1,1,1,2,1,2,0,1,3,2,2,0,0,0,0,0,0,0,0,0,0,7,0,0,0,0,0,0,0,0,0,0,0,0,0,0,3,0,0,6,0,0,0,10,11,12,0,14,0,16,0,0,2,0,2,3,4,5,0,0
389,1,3,2,2,2,7,1,1,1,1,0,Stick's,Jimmy John's,Christian's Pizza,Bodos,el Puerto,1,1,1,1,1,1,2,2,1,2,0,1,2,1,2,2,0,0,0,0,0,0,0,0,0,7,sales  & marketing,0,0,0,0,0,0,0,8,9,10,0,0,0,0,0,0,6,0,0,9,10,0,0,0,0,15,0,17,0,2,1,0,0,4,5,6,0
390,1,2,2,2,1,3,2,0,3,1,0,Sticks,Chipotle,Guadalajara,Bonefish,Thai 99,1,2,2,1,2,1,1,2,1,2,0,2,3,3,2,2,2,0,0,0,0,0,0,0,0,7,0,1,0,0,0,0,6,0,0,0,0,field hockey,1,0,0,0,0,0,7,8,0,0,0,0,0,14,15,0,17,0,1,0,0,0,0,0,0,0
391,1,1,4,2,1,1,3,1,4,1,0,Superstars,Sticks,Mekong,Tazikis,Noodles and Company,1,1,1,1,1,1,2,2,2,3,0,1,3,3,2,2,0,0,0,0,0,0,0,0,0,7,0,0,0,0,0,0,0,0,0,0,0,"Ballet , Gym0stics",0,0,0,0,0,0,0,0,0,0,0,0,0,0,0,0,17,0,2,1,2,3,4,5,6,love your FB promotions
392,1,2,4,1,2,2,1,3,4,1,0,Chipotle,Zazus,Panera,Vivace,Bodos,1,2,1,1,1,1,2,2,2,2,0,1,1,3,2,0,1,2,0,0,0,0,4,0,0,0,Retail,1,0,0,4,0,0,0,0,0,0,0,1,0,0,0,5,6,0,0,0,0,0,12,0,14,0,0,0,0,2,0,2,3,4,5,0,0
393,1,1,4,2,1,7,5,1,1,2,0,Panera,Tropical Smoothie,Sticks Kebobs,South of the Border,The Cove,1,2,2,1,1,2,2,2,2,2,0,1,2,1,2,1,1,0,0,0,0,0,0,0,0,7,0,0,0,0,0,5,6,7,8,9,10,Field Hockey,0,0,0,0,5,6,0,8,0,10,11,12,0,14,15,0,17,0,2,1,0,0,0,0,0,0
394,1,2,4,2,1,3,3,4,1,1,0,Jason's Deli,Taco Bell,Pa0ra Bread,Ukrops Deli,Pad Thaia,1,3,2,2,2,1,2,3,1,2,0,1,3,3,2,0,0,0,0,0,0,0,0,0,0,7,0,0,0,0,0,0,0,0,0,0,0,0,1,0,3,0,0,0,0,8,9,0,0,0,0,14,0,0,0,0,2,1,0,3,0,5,6,0
395,1,1,2,2,2,1,1,1,4,2,0,Sticks,Cookout,McDo0lds,0,0,1,1,1,1,3,1,1,1,1,1,0,1,3,2,1,0,0,0,0,0,0,0,0,0,0,7,0,0,0,0,0,0,0,0,0,0,0,0,0,0,0,0,0,0,0,0,0,0,0,0,0,0,0,16,0,0,3,1,0,0,4,5,0,0
396,1,3,2,1,2,3,1,1,4,1,retired.....,Three Notched Grill,Stix,Brixx,Lime Leaf,Baja Bean,1,1,1,1,1,1,1,2,1,2,0,1,3,3,1,0,0,NONE,0,0,0,0,0,0,6,0,flight attendant,0,0,0,0,0,0,0,0,0,0,0,0,0,0,4,0,0,0,8,0,0,0,12,0,14,15,0,0,0,1,0,0,0,0,0,0,0
397,1,2,3,2,3,0,6,1,1,1,0,Chipotle,Chick-fil-a,Cogan's,Moe's,Manhatten Bagel,1,1,1,1,2,1,2,2,2,2,0,1,2,2,2,0,0,0,0,0,0,0,0,5,0,0,0,0,0,0,0,0,0,0,0,0,0,0,0,0,0,0,5,6,0,8,0,0,0,12,0,14,15,16,0,0,2,1,0,3,4,5,0,0
398,1,2,3,1,1,2,2,4,2,1,0,Guadalajara,Asian Express,College Inn,Continental Divide,Monsoon Siam,1,2,2,2,4,1,2,2,1,1,0,1,2,2,2,0,0,0,0,0,0,0,0,0,0,7,Restaurant server,0,0,0,0,0,0,0,0,0,0,0,0,0,0,0,0,0,0,0,0,0,0,0,0,14,15,16,0,0,1,0,0,0,0,0,0,0
399,1,2,3,1,2,2,2,0,5,2,0,Shebeen,El Tepeyac,Eppie's,0,0,1,3,3,1,3,1,2,1,1,1,0,1,2,3,2,0,0,0,0,0,2,0,0,0,0,0,0,0,0,0,0,0,0,0,0,0,0,0,1,0,0,4,0,0,0,8,0,0,0,0,0,14,0,0,0,0,3,1,2,3,4,5,6,0
400,1,1,3,1,2,2,2,1,3,4,0,Chick-fil-a,Cracker Barrel,Sticks,Noodles and Company,Ruby Tuesdays,1,2,2,1,1,1,1,2,1,1,0,1,3,2,2,0,0,3,0,0,0,0,0,5,0,0,0,0,0,0,0,0,0,0,0,0,10,0,1,0,0,0,0,0,0,0,0,0,0,0,13,14,15,16,0,knitting,4,1,0,3,4,5,0,email offer
401,1,1,3,2,2,5,1,1,4,0,0,Pizza express,Tiki tiki,Chik-fil-a,Mall food court,Caffespresso,1,1,1,1,1,1,2,2,1,1,0,1,3,3,2,3,0,0,0,0,0,0,0,5,0,0,0,1,2,3,0,5,6,0,8,0,10,Univ. of richmond events,1,2,0,0,0,0,0,0,0,0,0,0,0,14,15,0,17,0,3,1,0,3,0,5,0,0
402,1,2,2,2,1,1,2,3,3,1,0,Bodo's,Take It Away,Burger King,Sticks,0,1,1,1,1,1,1,1,1,1,1,0,1,2,1,1,0,0,0,0,0,0,0,0,0,0,7,0,0,0,0,0,0,0,0,0,0,0,0,1,0,0,0,0,0,0,0,0,0,0,0,13,14,0,16,0,0,2,1,2,3,4,5,6,0
403,1,1,3,1,1,5,1,3,3,4,0,Bodos,Hot Cakes,Einsteins,Orzo,Panera,1,1,1,1,1,1,2,1,1,1,0,1,1,1,1,0,0,0,0,0,0,0,0,5,0,0,Student,0,0,0,0,0,0,0,0,0,0,0,0,0,0,0,0,0,0,0,0,0,0,12,0,0,0,0,0,0,2,0,0,0,4,5,6,0
404,1,2,3,1,2,5,1,1,2,0,0,Chick-fil-a,Chipolte,Sticks,0,0,1,2,2,1,1,1,2,2,1,2,0,1,2,3,2,2,0,0,0,0,0,0,0,0,0,7,Healthcare,0,0,0,0,5,0,7,8,9,10,0,1,0,0,0,5,6,0,0,0,0,0,12,13,14,15,16,17,0,4,1,2,3,4,5,0,0
406,1,1,4,1,1,4,1,1,5,0,0,Bodos,Jason's Deli,Bellair Market,Panera,Burton's,1,1,2,1,1,1,1,1,1,2,0,1,1,2,3,0,0,0,0,0,0,0,0,0,0,7,0,0,0,0,0,0,0,0,0,0,0,0,0,0,0,0,0,0,0,0,0,0,0,0,0,14,15,16,0,0,2,1,2,3,4,5,0,0
407,1,4,4,2,2,1,1,3,5,2,0,Sticks,Chickfila,Chipotle,Picola's Pizza,0,1,2,2,2,1,1,2,2,1,3,0,2,2,3,1,0,0,0,0,0,0,0,0,0,0,7,A0lyst,0,0,0,0,0,0,0,0,0,0,0,0,0,0,0,0,0,0,0,0,0,0,0,0,0,0,0,0,Hockey/Floorball/Wiffleball,2,1,2,3,0,5,0,0
408,1,2,2,2,2,6,1,1,2,2,0,eppies,market st. market,sticks,baggbys,0,1,2,2,1,1,1,2,2,1,2,0,1,1,2,2,0,0,0,0,0,0,0,0,0,0,7,0,0,0,0,0,0,0,0,0,0,0,0,0,0,0,0,5,0,0,8,9,0,11,12,0,14,0,0,0,0,1,0,0,0,0,0,0,0
410,1,3,3,2,2,5,1,1,2,1,0,burger king,zaxby's,new york deli,plaza azteca,cookout,1,2,1,1,1,1,1,1,1,2,0,1,3,2,2,0,0,0,0,0,0,0,0,5,0,0,disabled,0,0,0,0,0,0,0,0,0,0,0,1,0,0,0,0,0,0,0,0,0,0,0,0,14,0,16,0,0,2,1,2,0,4,5,0,0
411,1,1,2,2,2,5,2,1,2,1,0,Panera,Noodles,Chick-fil-a,Sticks,Pierces,1,1,1,1,1,1,1,1,1,1,0,0,0,0,0,0,0,0,0,0,0,0,0,0,0,0,0,0,0,0,0,0,0,0,0,0,0,0,0,0,0,0,0,0,0,0,0,0,0,0,0,0,0,0,0,0,0,0,0,0,0,0,0,0
412,1,2,2,1,2,3,5,0,2,0,0,Sticks,Wendys,Cook Out,Chipotle,Noodles and Co,1,2,2,2,2,1,2,2,1,2,0,1,3,3,2,0,0,0,0,0,0,0,0,5,0,0,0,0,0,0,0,0,0,0,0,0,0,0,0,0,0,0,5,6,0,0,0,0,0,0,0,0,0,0,0,0,2,1,2,3,4,5,0,0
413,1,3,4,1,2,4,3,1,3,1,0,Panera,Cafe caturra,Desserterie,Bakers crust,Sticks,1,1,1,2,2,1,2,2,2,5,0,1,2,2,2,0,0,0,0,0,0,0,4,0,0,0,0,0,0,0,0,0,0,0,0,0,0,0,0,0,0,0,0,6,0,0,0,0,0,0,0,14,0,16,0,0,2,1,2,3,4,5,0,0
414,1,1,4,2,1,5,1,1,4,1,0,Tavola,Ten,C&O,Mas,Blue Light Grill,1,2,1,1,2,1,1,2,1,3,0,2,3,3,2,0,0,0,0,0,0,0,0,0,0,7,Retired government,0,0,0,0,0,0,0,0,0,0,n/a,0,0,0,0,0,0,0,0,0,0,0,0,0,14,15,0,0,"Pour at winery, classical music, read",1,0,0,0,0,0,0,0
415,1,3,2,2,1,5,0,2,3,0,0,Northside Grille,The Continental,O'Banks,Ruby Tuesdays,Varies,1,2,3,3,2,1,2,1,1,1,0,1,3,2,1,0,0,0,0,0,0,0,0,0,0,7,0,0,0,0,0,0,0,0,0,0,0,0,0,0,0,0,0,0,0,0,0,0,0,0,0,14,0,0,0,0,1,0,0,0,0,0,0,0
416,1,2,2,1,2,7,3,1,3,1,0,"Subway,Stick's,Lin Garden,Mekong",0,0,0,0,1,1,2,1,1,1,1,1,1,2,Strongly Prefer Healthy Menu Options. :D,2,2,2,2,0,0,0,0,0,0,0,0,0,0,7,0,0,0,0,0,0,0,0,0,0,0,0,0,0,0,0,0,0,0,0,0,0,11,0,0,0,0,0,0,"Working Out, Walking..",1,0,0,0,0,0,0,0
417,1,2,2,2,3,6,4,3,3,1,0,Chipotle,Sticks,Martins,New York deli,Food for tgought,1,1,3,1,1,1,1,1,1,1,0,1,3,3,2,1,1,1,0,0,0,0,0,0,0,7,Dental,0,2,0,0,0,6,0,0,0,0,0,0,0,0,0,5,0,0,0,0,0,0,0,0,14,0,0,0,0,3,0,0,0,4,5,0,0
418,1,1,2,1,1,1,3,1,1,3,0,El Vaquero,Subway,Fabio's,Stick's,Gordonsville BBQ,1,1,1,1,2,1,2,2,1,2,0,1,3,2,2,1,0,0,0,1,0,0,0,0,0,0,0,1,0,0,0,0,0,0,8,0,10,Basketball,0,0,0,0,0,0,0,0,0,0,0,0,0,14,15,0,17,0,2,0,2,0,0,5,0,0
419,1,2,4,2,1,2,3,3,2,2,0,Subway,McDo0ld's,variety of independent sit down restaurants,0,0,1,1,1,1,2,1,1,1,1,1,0,1,2,2,2,1,0,0,0,0,0,0,0,5,0,0,Please reconsider these types of questions to include non-professio0l occupations. It's really giving me the impression that's the only demographic you're trying to attract.,1,0,0,0,0,0,7,8,9,10,"cultural events, art classes",1,0,0,0,5,6,0,0,0,10,11,0,0,14,15,16,17,0,2,0,2,3,0,0,0,0
420,1,2,2,2,2,2,2,1,3,1,0,Stix,Little johns,Jimmy johns,0,0,1,1,1,1,1,1,1,1,1,1,0,1,2,1,1,0,0,0,0,0,0,0,0,0,0,7,0,0,0,0,0,0,0,0,0,0,0,0,1,0,0,0,0,0,0,0,0,0,0,0,0,14,15,0,17,0,2,0,0,0,0,5,0,0
421,1,2,3,3,3,2,1,5,2,1,0,Sticks,Plaza Azteca,Chez Foushee,Starlite,Qudoba,1,2,2,2,3,1,2,2,1,2,0,2,2,3,2,0,0,0,0,0,2,0,0,0,0,0,0,0,0,0,0,0,0,0,0,0,0,0,1,0,0,0,5,0,0,8,0,0,0,0,0,14,0,16,0,0,2,0,0,3,4,5,0,0
422,1,1,3,1,1,1,4,1,2,2,0,Taco Bell,McDo0lds,Pizza Hut,Wendys,Sticks,1,1,1,1,1,1,1,1,1,3,0,1,3,1,2,0,1,0,0,0,0,0,0,0,0,7,HR,0,0,0,0,0,6,0,0,0,0,0,0,0,0,0,0,0,0,0,0,0,0,12,13,0,0,0,0,0,2,1,0,0,4,5,0,0
423,1,1,4,2,2,6,6,1,1,1,0,Tokoyo Rose,Sticks,Papa John's,Little John's,Chipotle,1,1,1,1,2,1,2,2,1,2,0,2,3,1,1,0,0,0,0,0,0,0,0,0,0,7,0,0,0,0,0,0,0,0,0,0,0,no children,0,0,0,0,0,0,0,8,0,0,0,0,0,14,15,0,0,0,5,1,0,0,4,5,6,0
424,1,2,2,1,2,1,5,1,2,1,0,Sticks,Panera,Chipotle,Me Kong,Greek Grill,1,2,1,1,1,1,2,2,1,2,Vegetarian options,1,2,2,2,0,0,0,0,0,0,0,0,0,0,7,scientist,0,0,0,0,0,0,0,0,0,0,0,0,0,0,0,0,6,0,0,0,0,0,12,0,14,0,0,0,Dog walking,2,0,0,3,0,0,0,0
425,1,2,2,1,1,6,6,1,1,1,"I work @ home, soooooooo......",Stix,Wright's Dairy Rite (Staunton),Bodo's,0,0,1,2,2,1,1,1,1,2,1,1,Needs to be different from what I cook and have available here in the Augusta County area.,1,3,2,2,0,0,1,"I like to cook, and when I eat out, don't necessarily want the type of things I cook or sometimes like a splurge for fatty food, but at Sticks, it is like what I do cook at home, but not available out in our area.",0,0,0,0,5,0,0,Artist/Registered Nurse.,0,0,0,0,0,0,0,0,0,10,"24 YO lives at home, he does Tough Mudders, yoga and fitness and has his own Tattoo shop and he is an artist as well.",1,0,3,0,0,0,0,0,0,10,11,0,0,14,0,0,0,"Play guitar, banjo, etc Read a lot. Arts and ceramics. My vocation is my avocation.",3,1,0,0,0,5,0,0
426,1,3,2,2,2,6,1,1,3,1,0,Mi Jalisco,Pho So 1,Jade,Thai Diner,Tip Thai,1,2,2,2,3,1,2,2,1,3,0,1,2,3,2,1,0,0,0,0,0,0,0,0,0,7,Engineer,0,0,0,0,5,0,0,8,9,0,0,0,0,0,0,0,0,0,0,0,0,0,0,0,14,0,16,17,0,1,0,0,0,0,0,0,0
427,1,2,2,2,2,3,3,1,6,1,0,panera bread,wich wich,jimmie johns,subway,sticks,1,1,1,2,3,1,2,1,1,3,0,1,2,3,2,0,0,0,0,0,0,0,0,0,0,7,Veteri0ry Practice Ma0ger,0,0,0,0,0,0,0,0,0,0,0,0,0,0,0,0,6,0,8,0,10,0,12,0,0,0,0,0,dog training,1,0,0,0,0,0,0,0
428,1,2,2,1,1,2,6,1,2,1,0,Tokyo Rose,Bodos,Sticks,Basil,El Tepeyac,1,2,2,2,2,1,1,1,1,1,0,1,2,2,2,2,0,0,0,0,0,0,0,0,0,7,0,1,0,0,0,5,0,7,8,9,10,0,1,0,0,0,5,6,0,0,0,10,0,0,0,14,15,16,17,0,3,1,2,3,4,5,6,0
429,1,3,4,2,2,5,1,1,4,1,0,Bodo's Bagels,Panera,Mudhouse,Bellair Market,Little John's,1,1,2,1,1,1,1,2,2,2,0,1,1,1,1,0,0,0,0,0,0,0,0,0,0,7,Student,0,0,0,0,0,0,0,0,0,0,0,1,0,0,0,5,0,0,0,0,0,0,0,0,14,0,0,0,0,1,0,0,0,0,0,0,0
430,1,2,2,3,2,3,3,1,4,1,0,Aria0s kebab,Revolutio0ry Soup,Panera,Oriental express,Sultans kebab,1,2,2,1,1,1,1,2,1,2,0,1,2,1,1,0,0,0,0,0,0,0,0,0,0,7,0,0,0,0,0,0,0,0,0,0,0,0,0,0,0,0,0,6,0,0,9,10,0,12,0,14,0,0,0,Dancing,1,0,0,0,0,0,0,0
431,1,2,4,2,2,3,0,1,5,2,0,Beer Run,Bellair Market,Burton's,Sedo0,Timberwood,1,2,1,1,2,1,1,1,1,2,0,1,3,3,2,0,0,0,0,0,0,0,0,0,0,7,0,0,0,0,0,0,0,0,0,0,0,0,1,0,0,0,0,0,0,0,0,0,11,12,0,14,15,16,0,0,1,0,0,0,0,0,0,0
432,1,1,2,1,1,0,6,0,0,0,0,Lord Hardwicke's (Ruckersville),Timberwood,Fabios (Ruckersville),Guadalajara (Forest Lakes),Sticks,1,2,2,2,2,1,2,2,2,2,0,1,2,2,2,3,0,0,0,0,0,0,0,0,0,7,0,0,0,0,0,0,0,0,0,0,10,"Softball, t-ball, karate",0,0,0,0,5,6,0,0,0,10,0,0,0,14,15,0,0,0,1,0,0,0,0,0,0,0
433,1,2,4,2,2,4,3,1,2,2,0,Zaxbys,Tropical Smoothie,Sal's,Sticks,Chick Fil A,1,1,1,2,1,1,1,1,1,2,0,1,3,3,2,0,2,0,0,0,0,0,0,5,0,0,0,0,0,0,0,5,0,0,0,0,0,Dance and Cross Country Runner,1,0,0,0,0,0,0,0,0,0,11,0,13,14,15,0,17,0,1,0,0,0,0,0,0,0
434,1,3,2,2,3,6,1,1,3,1,0,Vitos (lovingston),Sticks,Christians,Rev Soup,Just Curry,1,2,2,1,1,1,2,2,2,2,0,2,2,3,2,1,0,0,0,0,2,0,0,0,0,0,0,1,0,0,0,5,0,7,0,0,0,0,0,0,0,4,0,6,0,8,0,0,0,0,0,14,15,0,17,0,1,0,0,0,0,0,0,0
435,1,2,1,2,1,1,3,1,3,1,0,Sticks,Cogans,0,0,0,1,1,1,1,1,1,1,1,1,1,0,1,2,2,2,1,0,0,0,0,0,0,0,0,0,7,0,0,0,0,0,0,0,0,0,0,0,0,1,0,3,4,5,0,0,0,0,0,11,0,0,0,15,0,0,0,1,0,0,0,0,0,0,0
436,1,1,4,2,2,1,3,1,4,1,0,Jasons Deli,Panera Bread,Chipotle,Sticks Kebob,Quiznos,1,1,1,1,1,1,1,2,1,3,0,2,2,1,1,0,0,0,0,0,0,0,0,0,0,7,Property Ma0gement,0,0,0,0,0,0,0,0,0,0,0,0,0,0,0,0,0,0,0,0,0,0,0,0,14,0,0,0,0,2,0,2,3,4,0,6,0
437,1,3,2,1,1,4,4,1,2,1,0,Shorty's,Ichaban,Pita Pit,Honeybutters,Applebee's,1,1,1,1,1,1,2,2,1,3,0,1,2,2,2,0,0,0,0,0,0,0,0,5,0,0,0,0,0,0,0,0,0,0,0,0,0,0,1,0,3,0,5,6,0,8,0,10,0,0,13,14,15,16,0,0,1,0,0,0,0,0,0,0
438,1,1,2,1,2,2,3,0,2,3,0,Panera,Chipotle,Noodles & Co.,Cathay Gourmet,Little Caesars,1,1,2,1,2,1,2,2,1,3,0,1,3,2,2,0,2,0,0,0,0,0,0,0,0,7,0,1,0,0,0,5,6,0,0,0,0,field hockey,1,0,0,0,0,0,0,8,0,0,0,0,0,0,0,0,0,0,2,1,2,3,0,0,0,0
439,1,2,2,2,2,4,1,1,3,1,0,Bodo's,Jak n' Jill,0,0,0,1,1,1,1,1,1,1,1,1,1,0,2,2,3,2,2,0,4,0,0,0,0,0,0,0,7,0,1,0,0,0,0,0,7,0,9,10,0,0,0,0,0,5,6,0,0,0,0,0,0,0,14,15,0,0,0,1,0,0,0,0,0,0,0
440,1,3,2,1,2,2,3,1,1,4,0,Blue Ridge Pig,Cracker barrel,Vito's Italian Restaurant,0,0,1,2,1,1,1,1,2,2,1,1,0,1,2,3,2,2,0,0,0,0,0,0,0,5,0,0,0,1,0,0,0,5,6,0,8,9,0,0,1,0,3,0,5,6,0,0,0,10,0,12,0,14,15,16,17,0,3,0,2,3,4,5,0,0
441,1,3,4,3,3,5,1,1,3,2,0,El Jaripeo,McDo0ld's,Riverside Lunch,Wendy's,Chipotle,2,0,0,0,0,0,0,0,0,0,0,1,3,2,2,3,0,0,0,0,0,0,0,0,0,7,0,1,0,0,0,5,0,0,0,0,0,0,0,0,0,0,0,0,0,0,0,0,0,0,0,14,0,0,0,0,2,1,0,0,4,0,0,0
442,1,3,4,1,1,3,6,1,1,1,0,An0's Pizza,Jalapenos,Sals,Sticks,Zaxbys,1,1,1,1,1,1,1,1,1,1,Vegetarian Options are very important,1,3,2,2,0,1,0,0,0,0,0,0,0,0,7,0,0,0,0,0,0,0,0,8,0,0,Dance,1,0,0,0,5,0,0,8,0,0,0,0,0,14,0,16,17,0,2,0,2,3,4,5,6,0
443,1,3,4,1,1,3,1,1,4,1,0,Sticks,Qodba / chipotle,Mekong,Thai diner two,Jason's deli,1,5,5,2,2,1,2,2,1,3,0,1,2,3,2,2,0,0,0,0,0,0,0,0,0,7,0,1,0,0,0,0,0,0,0,0,0,Teeball and gym0stics,0,0,0,0,0,0,0,0,0,0,0,12,0,14,15,0,17,0,2,0,0,0,0,5,0,Restaurants website
444,1,3,4,1,1,4,4,1,1,3,0,Chick fila,Sticks,Arby's,0,0,1,1,1,1,1,1,1,1,1,1,0,1,2,1,2,0,0,0,0,0,0,0,0,5,0,0,Dental hygienist,0,0,0,0,0,0,0,0,0,0,0,1,0,3,0,0,6,0,8,9,10,11,12,0,0,0,16,0,0,2,0,2,0,4,0,0,0
446,1,1,2,2,2,4,1,1,4,1,0,Panera,McAlisters deli,Sticks,0,0,1,1,1,1,1,1,1,1,1,2,0,1,3,2,2,0,1,0,0,0,0,0,0,0,6,0,0,0,0,0,0,0,0,0,0,0,10,Volleyball,0,0,0,0,0,0,0,0,0,0,0,0,0,0,0,0,0,0,2,0,0,0,4,5,0,0
447,1,2,3,2,2,3,4,1,2,2,0,Bluegrass Grill,Timberwood Grill,Sticks Kebob Shop,Bonefish Grill,Sakura,1,1,1,1,1,1,2,2,1,2,0,0,0,0,0,0,0,0,0,0,0,0,0,0,0,0,0,0,0,0,0,0,0,0,0,0,0,0,0,0,0,0,0,0,0,0,0,0,0,0,0,0,0,0,0,0,0,0,0,0,0,0,0,0
448,1,3,2,1,1,4,1,1,3,1,0,Chick fil a,Sticks,Chinese,0,0,1,1,2,1,1,1,1,1,1,1,0,1,2,2,2,1,0,0,0,0,0,0,0,0,0,7,0,0,0,0,0,0,0,0,8,0,0,tball,0,0,0,0,0,0,0,0,0,0,0,0,0,14,0,0,17,0,1,0,0,0,0,0,0,0
449,1,1,2,2,2,0,4,0,0,0,0,Raising Canes,Starbucks,Stix Kebob Shop,0,0,1,2,2,2,2,1,2,2,1,6,0,1,3,2,2,0,0,0,0,1,0,0,0,0,0,0,0,0,0,0,0,0,0,0,0,0,0,0,0,0,0,0,5,0,0,8,9,0,0,0,0,0,0,0,0,0,1,0,0,0,0,0,0,0
450,1,2,4,2,2,1,1,1,3,3,0,Sals Lake Monticello,Lake Bistro,Applebees,Sticks,Subway,1,1,1,1,1,1,1,1,1,1,0,2,3,2,2,1,0,1,0,0,0,0,0,0,0,7,0,1,0,0,0,0,6,0,0,0,0,0,1,0,0,0,0,0,0,0,9,0,0,0,0,14,0,0,17,0,2,0,0,0,4,5,0,0
452,1,2,4,2,1,5,2,1,3,1,0,Subway,Various pizza places,Panders,Wendy's,0,1,2,2,2,2,1,2,2,2,3,0,1,3,3,2,0,2,0,0,0,0,0,0,5,0,0,0,0,0,0,0,5,6,7,8,0,10,0,0,0,0,0,5,0,0,8,0,10,0,0,13,0,15,16,0,0,2,1,2,0,0,0,0,0
453,1,2,4,1,1,4,1,1,4,2,0,Sticks,Mas,Tavola,Beer Run,0,1,1,0,0,1,0,0,1,0,0,0,2,2,2,2,0,0,0,0,0,0,0,4,0,0,0,0,0,0,0,0,0,0,7,0,0,0,0,0,0,0,0,0,0,0,0,0,0,11,12,0,0,0,0,0,0,2,1,0,3,0,5,0,0
454,1,2,4,2,2,0,5,0,2,0,0,chik-fil-a,5 Guys,sticks,0,0,1,2,3,1,2,1,2,2,2,2,0,1,1,2,2,0,0,0,0,0,0,0,0,0,0,7,Administrative assistant,0,0,0,0,0,0,0,0,0,0,0,0,0,3,4,5,6,0,8,0,10,0,12,0,0,0,0,0,0,3,0,0,0,4,5,0,0
455,1,1,3,2,2,1,4,1,3,0,Ate lunch served at a meeting twice,Christian's pizza,Bodo's,revolutio0ry soup,Continental divide,Sticks,1,2,2,4,2,1,2,2,4,2,"Vegetarian options, local foods",1,2,3,2,0,0,0,0,0,0,0,0,5,0,0,0,0,0,0,0,0,0,0,0,0,0,0,1,0,0,0,5,6,0,8,0,10,11,0,0,14,0,16,0,0,1,0,0,0,0,0,0,0
456,1,1,4,2,1,7,1,1,1,1,0,Carrabas,Subway,Ruby Tuesday,Sticks,Victoria,1,2,2,1,1,1,2,2,1,3,0,2,4,2,2,0,0,0,0,0,0,0,0,5,0,0,Retired educator,0,0,0,0,0,0,0,0,0,0,0,0,0,3,0,0,6,0,8,0,0,11,0,0,0,0,16,0,0,1,0,0,0,0,0,0,0
457,1,3,4,2,2,3,5,2,1,1,0,Starbucks,Christian's Pizza,Sticks,Kabuto,East Garden,1,2,2,1,1,1,2,2,1,2,0,2,3,3,2,2,0,0,0,0,0,0,0,5,0,0,0,0,0,0,4,0,0,7,8,0,10,0,0,0,0,0,0,6,0,0,0,0,0,0,0,14,0,0,17,0,2,0,0,0,4,5,0,0
458,1,3,2,1,2,2,3,0,3,3,0,bodos,sticks,cafe at monticello (work),Whole Foods,0,1,2,2,2,2,2,2,2,2,2,0,1,3,2,1,0,0,0,0,0,0,0,0,0,0,7,0,0,0,0,0,0,0,0,0,0,0,0,1,0,0,0,0,0,0,0,0,0,0,0,0,14,0,16,0,0,1,0,0,0,0,0,0,0
459,1,1,3,2,2,0,5,1,2,1,0,Chipotle,Bodos,Sticks,Little Johns,Subway,1,1,2,1,3,1,2,2,1,3,0,1,1,1,1,0,0,0,n/a,0,0,0,0,0,0,7,Student,0,0,0,0,0,0,0,0,0,0,0,1,0,0,0,5,0,0,0,0,0,0,0,0,0,15,0,0,0,3,1,2,3,4,5,6,0
460,1,1,2,1,1,1,1,3,3,2,0,Sticks,Applebees,Red Lobster,Tip Top,Sams Kitchen,1,2,2,1,2,1,1,2,1,2,0,1,3,2,2,0,0,0,0,0,0,0,0,0,0,7,0,0,0,0,0,0,0,0,0,0,0,0,0,0,3,0,0,0,0,0,0,0,0,0,0,0,15,0,0,0,2,1,2,3,0,5,6,0
461,1,1,1,1,1,4,4,1,2,1,0,Mo0 Lisa Pizza,Panera,Chipotle,Sticks,Ace Biscuit,1,1,2,2,1,1,2,3,1,3,0,2,2,1,1,0,0,0,0,0,0,0,0,5,0,0,0,0,0,0,0,0,0,0,0,0,0,0,0,0,0,0,0,6,0,0,0,0,11,0,0,0,0,0,0,0,1,0,0,0,0,0,0,0
462,1,2,3,1,1,2,2,1,1,1,0,Chic fila,Chipotle,Panera,Tropical smoothie,Bonefish grill,1,1,2,2,1,1,1,2,1,3,0,1,2,1,1,0,0,0,0,0,0,0,0,0,0,7,0,0,0,0,0,0,0,0,0,0,0,0,0,0,0,0,0,0,0,8,0,0,0,0,0,14,15,16,0,0,2,0,0,0,4,5,0,0
463,1,3,3,1,1,6,6,6,6,6,0,Thai top 10,Mamas kitchen,Chick fil a,IHOP,Mikes,1,1,1,1,1,1,1,1,1,1,0,2,1,3,1,0,0,0,0,0,0,0,4,0,0,0,0,1,0,0,0,0,0,0,0,0,0,0,0,2,0,0,0,0,0,0,0,0,0,0,0,0,0,0,0,0,1,0,0,0,0,0,0,0
466,1,1,4,2,1,1,2,1,5,0,0,Panera,India K Raja,Thai Diner,Qdoba,Jason's Deli,1,1,1,1,1,1,2,2,1,2,0,0,0,0,0,0,0,0,0,0,0,0,0,0,0,0,0,0,0,0,0,0,0,0,0,0,0,0,0,0,0,0,0,0,0,0,0,0,0,0,0,0,0,0,0,0,0,0,0,0,0,0,0,0
467,1,2,2,2,3,3,4,1,3,1,0,McDo0lds,Woodgrill,Hibachi Grill,Wendys,Sticks,1,1,2,1,2,1,2,2,1,3,0,2,2,2,2,2,0,0,0,0,0,0,0,0,0,7,IT,0,0,0,0,0,0,0,0,0,10,0,0,0,0,0,5,0,0,8,0,0,0,0,0,14,15,0,17,0,2,1,0,0,0,0,0,0
468,1,1,1,1,1,6,1,1,3,1,0,Moe's,Chic fila,Wendy's,0,0,1,1,1,1,1,1,1,1,1,1,0,1,2,2,2,1,1,0,0,0,0,0,0,0,0,7,Fi0ncial Director,0,0,0,0,0,0,0,8,9,0,baseball,0,0,0,0,5,0,0,0,0,0,0,0,0,0,0,0,17,0,4,1,0,3,4,5,0,0
469,1,2,1,2,3,2,5,0,2,2,0,Chick-Fil-A,Pizza,Shorty's,Olive Garden,Pierces,1,1,1,1,2,2,2,3,1,3,0,1,3,2,2,0,1,0,0,0,0,0,0,0,0,7,0,0,0,0,0,0,6,0,8,0,0,0,0,0,0,0,0,0,0,8,0,0,0,0,0,14,0,16,0,reading,5,1,0,3,4,5,6,0
470,1,2,4,2,2,2,2,6,6,2,0,Sticks,Applebees,Mcdo0lds,Arbys,Mexican,1,1,1,1,1,1,1,1,1,1,0,1,2,1,1,1,0,0,0,0,0,0,0,0,0,7,student,0,0,0,0,0,0,0,8,0,10,baseball/ballet,1,0,0,0,0,0,0,0,0,0,0,0,0,0,0,0,17,0,4,1,2,3,4,5,0,0
471,1,2,2,2,2,1,1,4,3,1,0,McDo0ld's,Red Lobster,Sticks,Applebee's,Guadalajara,1,2,2,1,3,1,1,2,1,2,0,1,2,1,2,2,0,0,0,0,0,0,0,0,0,7,Medical Coder,0,2,0,0,0,0,0,8,9,0,0,1,0,0,0,0,0,0,0,0,0,0,0,0,14,0,0,17,0,2,1,0,0,0,5,6,0
472,1,2,4,2,2,1,1,1,6,1,0,Bodo's,Sticks,Chipotle,Zazus,Duners,1,3,3,2,2,2,2,2,2,2,0,2,4,3,2,0,0,1,0,0,0,0,0,5,0,0,0,0,0,0,0,5,0,7,0,0,10,0,0,0,0,0,0,6,0,8,0,0,0,0,0,14,15,16,0,Travel,3,1,0,0,4,5,0,UVa athletic team rosters (basketball)
473,1,2,2,2,2,5,1,1,3,0,0,sticks,greek grille,0,0,0,1,1,2,2,2,2,2,2,2,1,0,1,3,3,2,0,3,0,0,0,0,0,0,0,0,7,0,0,0,0,0,0,0,0,8,9,0,0,1,0,0,0,0,0,0,8,0,0,0,0,0,14,0,16,0,0,2,1,2,3,0,5,0,0
474,1,1,2,2,1,7,0,0,7,0,0,Christians Pizza,Sticks Kabob Shop,0mi,Savour,Bonefish Grill,1,1,1,1,1,1,1,1,1,1,0,1,3,3,1,0,0,0,0,0,0,0,0,5,0,0,UVA Project Director,0,0,0,0,0,0,0,0,0,0,0,0,0,0,0,0,0,0,0,9,0,11,12,0,14,0,16,0,0,2,0,2,0,0,5,0,0
475,1,2,2,2,2,1,2,1,5,2,0,sticks,maya,hamiltons,zocalo,mcdo0lds,1,1,1,1,1,1,1,1,1,1,0,2,3,2,2,2,0,0,0,0,0,0,0,0,0,7,ma0ger,1,0,0,0,5,6,0,0,0,10,0,0,2,0,0,0,0,7,8,0,0,11,12,0,14,15,0,0,0,2,1,0,0,4,0,6,0
476,1,2,4,2,1,1,2,1,5,1,0,Christian's Pizza,Sticks,Cafe 88,Five Guys,Chipotle,1,2,1,1,1,1,1,2,1,3,0,2,2,1,2,0,0,0,0,0,0,0,0,0,0,7,0,0,0,0,0,0,0,0,0,0,0,0,0,0,0,0,0,0,0,0,0,0,0,0,0,0,0,0,0,0,1,0,0,0,0,0,0,0
477,1,3,4,2,1,1,4,1,3,1,0,Bodo's Bagels,Panera Bread,Sticks,Christian's Pizza,Five Guys,1,1,1,1,2,1,1,2,1,2,0,2,2,1,1,0,0,0,0,0,0,0,0,0,0,7,Purchasing Specialist at Medical Manufacturer,0,0,0,0,0,0,0,0,0,0,0,1,2,0,0,5,6,7,0,0,10,0,0,0,14,15,16,0,0,1,0,0,0,0,0,0,0
478,1,3,3,2,2,0,5,0,0,2,0,Bonefish,sticks,bodos,outback,0,1,1,1,1,1,1,1,1,1,1,0,1,3,2,2,0,0,1,0,0,0,0,0,0,0,7,Dietitian,0,0,0,0,0,0,0,0,0,0,PVCC,1,0,0,0,5,0,0,0,0,0,0,0,0,14,0,16,0,0,3,1,0,0,4,0,6,0
479,1,2,2,2,2,7,1,1,2,1,0,Sticks,Wendy's,MacDo0ld's,Thai 99,Chic fil a,1,2,2,1,1,1,2,2,1,2,0,1,4,1,1,0,0,0,0,0,0,0,0,5,0,0,0,0,0,0,0,0,0,0,0,0,0,0,1,0,0,0,0,0,0,8,0,0,0,12,0,0,0,0,17,0,4,1,0,3,4,5,6,0
480,1,1,4,1,2,1,5,1,3,1,0,Bodos,Cafe Cubano,Beer Run,Fellini's,0,1,1,2,1,1,1,1,1,1,1,0,1,3,2,1,0,0,0,0,0,0,0,0,5,0,0,0,0,0,0,0,0,0,0,0,0,0,0,0,0,3,0,0,0,0,8,0,0,0,0,0,14,0,0,0,0,1,0,0,0,0,0,0,0
481,1,1,4,1,1,1,2,1,5,1,0,panera,sticks,chick fil a,subway,0,1,2,2,1,1,1,2,2,2,2,0,1,3,1,2,0,2,0,0,0,0,0,0,0,0,7,lawn care sales,0,2,0,0,0,6,0,0,0,10,0,0,0,0,0,0,0,0,0,0,0,0,0,0,14,15,0,17,0,3,1,2,0,4,5,0,0
482,1,1,3,2,2,1,1,1,1,1,0,Sticks,Sticks,Sticks,Sticks,Sticks,1,1,1,1,1,1,1,1,1,0,0,1,2,2,2,2,0,0,0,0,0,0,0,0,0,7,Gm,0,0,0,0,0,0,0,8,9,10,0,0,0,3,0,0,0,0,0,9,0,0,0,0,14,0,16,17,0,5,1,2,0,4,5,0,0
